,基金代码,基金简称,基金条码,涨幅,期间分红,分红次数,起始日期,单位净值,累计净值,终止日期,单位净值,累计净值,成立日期,无用1,手续费,无用2,也是手续费,无用3,无用4
0,165312,建信央视财经50指数(LOF),JXYSCJ50ZSLOF,33.9264,,0,2017-04-05,1.4246,1.5571,2018-03-30,0.9457,2.0922,2013-03-28,1,0.12%,1,0.12%,1,1.20%
1,161725,招商中证白酒指数(LOF)A,ZSZZBJZSLOFA,33.5389,,0,2017-04-05,1.161,1.198,2018-03-30,1.033,1.569,2015-05-27,1,0.10%,1,0.10%,1,1.00%
2,159928,汇添富中证主要消费ETF,HTFZZZYXFETF,33.3436,,0,2017-04-05,1.6216,1.6216,2018-03-30,2.1623,2.1623,2013-08-23,,0.05%,,,,
3,160222,国泰国证食品饮料行业(LOF)A,GTGZSPYLHYLOFA,31.9239,,0,2017-04-05,0.9424,1.5637,2018-03-30,1.2179,1.8666,2014-10-23,1,0.00%,,,,
4,217027,招商央视财经50指数A,ZSYSCJ50ZSA,31.6158,,0,2017-04-05,1.572,1.572,2018-03-30,2.069,2.069,2013-02-05,1,0.12%,1,0.12%,1,1.20%
5,000248,汇添富中证主要消费ETF联接A,HTFZZZYXFETFLJA,31.5504,,0,2017-04-05,1.1049,1.1049,2018-03-30,1.4535,1.4535,2015-03-24,1,0.10%,1,0.10%,1,1.00%
6,512600,嘉实中证主要消费ETF,JSZZZYXFETF,31.2463,,0,2017-04-05,1.6674,1.6674,2018-03-30,2.1884,2.1884,2014-06-13,,,,,,
7,510630,华夏消费ETF,HXXFETF,29.1237,,0,2017-04-05,1.746,1.746,2018-03-30,2.2545,2.2545,2013-03-28,,,,,,
8,512010,易方达沪深300医药ETF,YFDHS300YYETF,28.7464,,0,2017-04-05,1.4287,1.4287,2018-03-30,1.8394,1.8394,2013-09-23,,0.05%,,,,
9,540012,汇丰晋信恒生龙头指数A,HFJXHSLTZSA,28.0072,0.37,1,2017-04-05,1.5372,1.5372,2018-03-30,1.5621,1.9321,2012-08-01,1,0.12%,1,0.12%,1,1.20%
10,159905,工银深证红利ETF,GYSZHLETF,27.7397,,0,2017-04-05,1.2985,1.2985,2018-03-30,1.6587,1.6587,2010-11-05,,,,,,
11,001149,汇丰晋信恒生龙头指数C,HFJXHSLTZSC,27.4235,0.37,1,2017-04-05,1.5336,1.5336,2018-03-30,1.5503,1.9203,2015-04-01,1,0.00%,,,,
12,110003,易方达上证50增强A,YFDSZ50ZQA,27.3714,0.02,1,2017-04-05,1.1023,2.9523,2018-03-30,1.3864,3.2564,2004-03-22,1,0.15%,1,0.15%,1,1.50%
13,481012,工银深证红利ETF联接A,GYSZHLETFLJA,26.1693,,0,2017-04-05,1.0711,1.2493,2018-03-30,1.3514,1.5296,2010-11-09,1,0.10%,1,0.10%,1,1.00%
14,510660,华夏医药ETF,HXYYETF,25.7194,,0,2017-04-05,1.6194,1.6194,2018-03-30,2.0359,2.0359,2013-03-28,,,,,,
15,000835,华润元大富时中国A50指数A,HRYDFSZGA50ZSA,25.5728,,0,2017-04-05,1.353,1.353,2018-03-30,1.699,1.699,2014-11-20,1,0.12%,1,0.12%,1,1.20%
16,159916,深F60ETF,SF60ETF,25.2287,,0,2017-04-05,2.9403,1.602,2018-03-30,3.6821,2.0061,2011-09-08,,,,,,
17,002671,万家沪深300指数增强C,WJHS300ZSZQC,24.8080,,0,2017-04-05,1.0025,1.0025,2018-03-30,1.2512,1.2512,2016-09-26,1,0.00%,,,,
18,320010,诺安中证100指数A,NAZZ100ZSA,24.5229,,0,2017-04-05,1.048,1.048,2018-03-30,1.305,1.305,2009-10-27,1,0.12%,1,0.12%,1,1.20%
19,410008,华富中证100指数,HFZZ100ZS,23.8019,,0,2017-04-05,1.0558,1.0558,2018-03-30,1.3071,1.3071,2009-12-30,1,0.12%,1,0.12%,1,1.20%
20,167301,方正富邦保险主题指数,FZFBBXZTZS,23.5588,,0,2017-04-05,0.977,1.009,2018-03-30,1.187,1.244,2015-07-31,1,0.08%,1,0.08%,1,0.80%
21,530015,建信深证基本面60ETF联接A,JXSZJBM60ETFLJA,23.4644,,0,2017-04-05,1.5483,1.5483,2018-03-30,1.9116,1.9116,2011-09-08,1,0.15%,1,0.15%,1,1.50%
22,164508,国富中证100指数增强(LOF),GFZZ100ZSZQLOF,23.1024,,0,2017-04-05,0.835,0.883,2018-03-30,1.004,1.077,2015-03-26,1,0.12%,1,0.12%,1,1.20%
23,519671,银河沪深300价值指数A,YHHS300JZZSA,22.8167,,0,2017-04-05,1.271,1.271,2018-03-30,1.561,1.561,2009-12-28,1,0.12%,1,0.12%,1,1.20%
24,213010,宝盈中证100指数增强A,BYZZ100ZSZQA,22.5328,,0,2017-04-05,1.145,1.145,2018-03-30,1.403,1.403,2010-02-08,1,0.12%,1,0.12%,1,1.20%
25,310398,申万菱信沪深300价值指数A,SWLXHS300JZZSA,22.0392,,0,2017-04-05,1.3054,1.3054,2018-03-30,1.5931,1.5931,2010-02-11,1,0.12%,1,0.12%,1,1.20%
26,160632,鹏华酒A,PHJA,21.9061,,0,2017-04-05,1.026,1.065,2018-03-30,1.228,1.289,2015-04-29,1,0.12%,1,0.12%,1,1.20%
27,163808,中银中证100指数增强,ZYZZ100ZSZQ,21.4612,,0,2017-04-05,1.095,1.105,2018-03-30,1.33,1.34,2009-09-04,1,0.15%,1,0.15%,1,1.50%
28,004746,易方达上证50增强C,YFDSZ50ZQC,21.4461,0.02,1,2017-06-06,1.1541,1,2018-03-30,1.384,1.404,2017-06-06,1,0.00%,,,,
29,510150,招商上证消费80ETF,ZSSZXF80ETF,21.2761,,0,2017-04-05,4.169,1.374,2018-03-30,5.056,1.666,2010-12-08,,,,,,
30,240014,华宝中证100指数A,HBZZ100ZSA,21.2305,,0,2017-04-05,1.089,1.089,2018-03-30,1.3202,1.3202,2009-09-29,1,0.12%,1,0.12%,1,1.20%
31,165519,信诚中证800医药指数(LOF)A,XCZZ800YYZSLOFA,20.8819,,0,2017-04-05,0.84,1.45,2018-03-30,0.99,1.624,2013-08-16,1,0.12%,1,0.12%,1,1.20%
32,512120,华安中证细分医药ETF,HAZZXFYYETF,20.7949,,0,2017-04-05,1.409,1.409,2018-03-30,1.702,1.702,2013-12-04,,0.05%,,,,
33,240019,华宝中证银行ETF联接A,HBZZYHETFLJA,20.5489,,0,2017-04-05,1.421,1.421,2018-03-30,1.713,1.713,2011-08-09,1,0.10%,1,0.10%,1,1.00%
34,510680,万家上证50ETF,WJSZ50ETF,20.4729,,0,2017-04-05,1.8483,1.8483,2018-03-30,2.2267,2.2267,2013-10-31,,,,,,
35,501010,汇添富中证生物科技指数C,HTFZZSWKJZSC,19.9764,,0,2017-04-05,1.0167,1.0167,2018-03-30,1.2198,1.2198,2016-12-22,1,0.00%,,,,
36,501009,汇添富中证生物科技指数A,HTFZZSWKJZSA,19.9469,,0,2017-04-05,1.0177,1.0177,2018-03-30,1.2207,1.2207,2016-12-22,1,0.10%,1,0.10%,1,1.00%
37,502020,国金上证50指数增强(LOF),GJSZ50ZSZQLOF,19.7579,,0,2017-04-05,1.202,,2018-03-30,0.947,,2015-05-27,1,0.12%,1,0.12%,1,1.20%
38,217017,招商上证消费80ETF联接A,ZSSZXF80ETFLJA,19.6536,,0,2017-04-05,1.328,1.328,2018-03-30,1.589,1.589,2010-12-08,1,0.15%,1,0.15%,1,1.50%
39,510710,博时上证50ETF,BSSZ50ETF,19.4842,,0,2017-04-05,2.404,0.7432,2018-03-30,2.8724,0.888,2015-05-27,,0.04%,,,,
40,159923,大成中证100ETF,DCZZ100ETF,19.4506,,0,2017-04-05,1.347,1.347,2018-03-30,1.609,1.609,2013-02-07,,,,,,
41,519100,长盛中证100指数,CSZZ100ZS,19.4255,,0,2017-04-05,1.0131,1.7041,2018-03-30,1.2099,1.9009,2006-11-22,1,0.15%,1,0.15%,1,1.50%
42,502040,长盛上证50指数(LOF),CSSZ50ZSLOF,19.3894,,0,2017-04-05,0.959,0.959,2018-03-30,1.121,,2015-08-13,1,0.12%,1,0.12%,1,1.20%
43,000312,华安沪深300增强A,HAHS300ZQA,19.3044,0.36,1,2017-04-05,1.564,1.564,2018-03-30,1.5194,1.8794,2013-09-27,1,0.12%,1,0.12%,1,1.20%
44,100038,富国沪深300指数增强A,FGHS300ZSZQA,19.1225,,0,2017-04-05,1.527,1.527,2018-03-30,1.819,1.819,2009-12-16,1,0.12%,1,0.12%,1,1.20%
45,000373,华安中证细分医药ETF联接A,HAZZXFYYETFLJA,18.9752,,0,2017-04-05,1.249,1.249,2018-03-30,1.486,1.486,2014-11-28,1,0.12%,1,0.12%,1,1.20%
46,000313,华安沪深300增强C,HAHS300ZQC,18.6655,0.36,1,2017-04-05,1.532,1.532,2018-03-30,1.4723,1.8323,2013-09-27,1,0.00%,,,,
47,000376,华安中证细分医药ETF联接C,HAZZXFYYETFLJC,18.6386,,0,2017-04-05,1.234,1.234,2018-03-30,1.464,1.464,2014-11-28,1,0.00%,,,,
48,160219,国泰国证医药卫生行业指数A,GTGZYYWSHYZSA,18.3923,,0,2017-04-05,0.7864,1.4411,2018-03-30,0.9015,1.5836,2013-08-29,1,0.10%,1,0.10%,1,1.00%
49,162307,海富通中证100指数(LOF)A,HFTZZ100ZSLOFA,18.2502,,0,2017-04-05,1.063,1.063,2018-03-30,1.257,1.257,2009-10-30,1,0.12%,1,0.12%,1,1.20%
50,530018,建信深证100指数增强,JXSZ100ZSZQ,18.1418,,0,2017-04-05,1.4982,1.4982,2018-03-30,1.77,1.77,2012-03-16,1,0.15%,1,0.15%,1,1.50%
51,399001,中海上证50指数增强,ZHSZ50ZSZQ,17.9641,,0,2017-04-05,1.002,1.002,2018-03-30,1.182,1.182,2010-03-25,1,0.12%,1,0.12%,1,1.20%
52,001631,天弘中证食品饮料ETF联接A,THZZSPYLETFLJA,17.9160,,0,2017-04-05,1.1766,1.1766,2018-03-30,1.3874,1.3874,2015-07-29,1,0.10%,1,0.10%,1,1.00%
53,159913,交银深证300价值ETF,JYSZ300JZETF,17.8825,,0,2017-04-05,1.549,1.549,2018-03-30,1.826,1.826,2011-09-22,,,,,,
54,162509,国联安中证100指数(LOF),GLAZZ100ZSLOF,17.8604,,0,2017-04-05,1.103,1.149,2018-03-30,1.3,1.289,2010-04-16,1,0.12%,1,0.12%,1,1.20%
55,159910,嘉实深证基本面120ETF,JSSZJBM120ETF,17.7971,,0,2017-04-05,1.498,1.498,2018-03-30,1.7646,1.7646,2011-08-01,,,,,,
56,163407,兴全沪深300指数(LOF)A,XQHS300ZSLOFA,17.7439,,0,2017-04-05,1.4946,1.4946,2018-03-30,1.7598,1.7598,2010-11-02,1,0.12%,1,0.12%,1,1.20%
57,004742,易方达深证100ETF联接C,YFDSZ100ETFLJC,17.7002,,0,2017-06-02,1.0175,1.0175,2018-03-30,1.1976,1.1976,2017-06-02,1,0.00%,,,,
58,510090,建信责任ETF,JXZRETF,17.6364,,0,2017-04-05,1.3682,1.6322,2018-03-30,1.6095,1.9201,2010-05-28,,,,,,
59,001632,天弘中证食品饮料ETF联接C,THZZSPYLETFLJC,17.6280,,0,2017-04-05,1.172,1.172,2018-03-30,1.3786,1.3786,2015-07-29,1,0.00%,,,,
60,000311,景顺长城沪深300指数增强A,JSCCHS300ZSZQA,17.4664,0.34,2,2017-04-05,2.045,2.045,2018-03-30,2.042,2.382,2013-10-29,1,0.12%,1,0.12%,1,1.20%
61,510650,上证金融地产发起式ETF,SZJRDCFQSETF,17.4590,,0,2017-04-05,1.4892,1.4892,2018-03-30,1.7492,1.7492,2013-03-28,,,,,,
62,001548,天弘上证50指数A,THSZ50ZSA,17.2203,,0,2017-04-05,0.9001,0.9001,2018-03-30,1.0551,1.0551,2015-07-16,1,0.10%,1,0.10%,1,1.00%
63,510030,华宝上证180价值ETF,HBSZ180JZETF,17.1422,,0,2017-04-05,4.206,1.44,2018-03-30,4.927,1.687,2010-04-23,,,,,,
64,370023,上投摩根中证消费服务指数,STMGZZXFFWZS,17.0309,,0,2017-04-05,1.327,1.507,2018-03-30,1.553,1.733,2012-09-25,1,0.12%,1,0.12%,1,1.20%
65,217016,招商深证100指数A,ZSSZ100ZSA,17.0159,,0,2017-04-05,1.193,1.193,2018-03-30,1.396,1.396,2010-06-22,1,0.12%,1,0.12%,1,1.20%
66,070023,嘉实深证基本面120联接A,JSSZJBM120LJA,17.0089,,0,2017-04-05,1.4998,1.4998,2018-03-30,1.7549,1.7549,2011-08-01,1,0.12%,1,0.12%,1,1.20%
67,001549,天弘上证50指数C,THSZ50ZSC,16.9421,,0,2017-04-05,0.8954,0.8954,2018-03-30,1.0471,1.0471,2015-07-16,1,0.00%,,,,
68,001237,博时上证50ETF联接A,BSSZ50ETFLJA,16.8986,,0,2017-04-05,0.8048,0.8048,2018-03-30,0.9408,0.9408,2015-05-27,1,0.12%,1,0.12%,1,1.20%
69,159929,汇添富中证医药卫生ETF,HTFZZYYWSETF,16.6279,,0,2017-04-05,1.4632,1.4632,2018-03-30,1.7065,1.7065,2013-08-23,,0.05%,,,,
70,162714,广发深证100指数(LOF)A,GFSZ100ZSLOFA,16.5482,,0,2017-04-05,1.0403,1.1845,2018-03-30,1.1884,1.3576,2012-05-07,1,0.12%,1,0.12%,1,1.20%
71,003876,华宝沪深300指数增强A,HBHS300ZSZQA,16.5112,,0,2017-04-05,1.0611,1.0611,2018-03-30,1.2363,1.2363,2016-12-09,1,0.12%,1,0.12%,1,1.20%
72,110030,易方达沪深300量化增强,YFDHS300LHZQ,16.4821,,0,2017-04-05,1.9682,1.9682,2018-03-30,2.2926,2.2926,2012-07-05,1,0.15%,1,0.15%,1,1.50%
73,166802,浙商沪深300指数增强(LOF)A,ZSHS300ZSZQLOFA,16.4144,,0,2017-04-05,1.148,1.28,2018-03-30,1.315,1.47,2012-05-07,1,0.15%,1,0.15%,1,1.50%
74,502048,易方达上证50指数(LOF)A,YFDSZ50ZSLOFA,16.4072,,0,2017-04-05,1.1903,,2018-03-30,0.8946,,2015-04-15,1,0.12%,1,0.12%,1,1.20%
75,530010,建信上证社会责任ETF联接,JXSZSHZRETFLJ,16.3034,,0,2017-04-05,1.5279,1.5279,2018-03-30,1.777,1.777,2010-05-28,1,0.15%,1,0.15%,1,1.50%
76,160716,嘉实基本面50指数(LOF)A,JSJBM50ZSLOFA,16.2519,,0,2017-04-05,1.294,1.294,2018-03-30,1.5043,1.5043,2009-12-30,1,0.12%,1,0.12%,1,1.20%
77,501301,华宝香港大盘A,HBXGDPA,16.1984,,0,2017-04-20,1.0001,1.0001,2018-03-30,1.1621,1.1621,2017-04-20,1,0.10%,1,0.10%,1,1.00%
78,167601,国金沪深300指数增强,GJHS300ZSZQ,16.1908,,0,2017-04-05,0.8901,1.5031,2018-03-30,1.0303,1.0303,2013-07-26,1,0.12%,1,0.12%,1,1.20%
79,510050,华夏上证50ETF,HXSZ50ETF,16.1397,0.054,1,2017-04-05,2.383,3.228,2018-03-30,2.717,3.688,2004-12-30,,,,,,
80,163118,申万菱信中证申万医药生物指数(LOF)A,SWLXZZSWYYSWZSLOFA,16.1217,,0,2017-04-05,0.8958,0.9246,2018-03-30,1.0141,1.0737,2015-06-19,1,0.12%,1,0.12%,1,1.20%
81,519706,交银深证300价值ETF联接,JYSZ300JZETFLJ,16.0896,,0,2017-04-05,1.473,1.473,2018-03-30,1.71,1.71,2011-09-28,1,0.15%,1,0.15%,1,1.50%
82,001051,华夏上证50ETF联接A,HXSZ50ETFLJA,15.9494,,0,2017-04-05,0.79,0.79,2018-03-30,0.916,0.916,2015-03-17,1,0.12%,1,0.12%,1,1.20%
83,512610,嘉实中证医药卫生ETF,JSZZYYWSETF,15.9185,,0,2017-04-05,1.4637,1.4637,2018-03-30,1.6967,1.6967,2014-06-13,,,,,,
84,165310,建信沪深300指数增强(LOF)A,JXHS300ZSZQLOFA,15.8005,,0,2017-04-05,1.382,1.523,2018-03-30,1.581,1.742,2011-05-06,1,0.15%,1,0.15%,1,1.50%
85,240016,华宝上证180价值联接,HBSZ180JZLJ,15.7114,,0,2017-04-05,1.483,1.513,2018-03-30,1.716,1.746,2010-04-23,1,0.15%,1,0.15%,1,1.50%
86,000176,嘉实沪深300指数研究增强,JSHS300ZSYJZQ,15.5951,,0,2017-04-05,1.1292,1.1292,2018-03-30,1.3053,1.3053,2014-12-26,1,0.10%,1,0.10%,1,1.00%
87,002310,创金合信沪深300指数增强A,CJHXHS300ZSZQA,15.3896,0.138,1,2017-04-05,1.0131,1.0131,2018-03-30,1.0334,1.1714,2015-12-31,1,0.15%,1,0.15%,1,1.50%
88,002315,创金合信沪深300指数增强C,CJHXHS300ZSZQC,15.3850,0.145,1,2017-04-05,1.0192,1.0192,2018-03-30,1.0335,1.1785,2015-12-31,1,0.00%,,,,
89,519116,浦银安盛沪深300指数增强,PYASHS300ZSZQ,15.3724,,0,2017-04-05,1.262,1.262,2018-03-30,1.456,1.456,2010-12-10,1,0.12%,1,0.12%,1,1.20%
90,180003,银华-道琼斯88指数,YHDQS88ZS,15.1108,0.01,1,2017-04-05,1.0256,2.8306,2018-03-30,1.1715,2.9865,2004-08-11,1,0.15%,1,0.15%,1,1.50%
91,161037,富国中证高端制造指数增强型(LOF)A,FGZZGDZZZSZQXLOFA,14.97,,0,2017-04-27,1,1,2018-03-30,1.1497,1.1497,2017-04-27,1,0.12%,1,0.12%,1,1.20%
92,005693,广发中证军工ETF联接C,GFZZJGETFLJC,14.8713,,0,2018-02-13,0.7148,0.7148,2018-03-30,0.8211,0.8211,2018-02-13,1,0.00%,,,,
93,160635,鹏华中证医药卫生(LOF)A,PHZZYYWSLOFA,14.6510,,0,2017-04-05,1.017,0.923,2018-03-30,1.166,1.057,2015-08-17,1,0.12%,1,0.12%,1,1.20%
94,050002,博时沪深300指数A,BSHS300ZSA,14.5299,0.0049,1,2017-04-05,1.2538,3.2458,2018-03-30,1.4315,3.4284,2003-08-26,1,0.15%,1,0.15%,1,1.50%
95,005112,银华中证全指医药卫生,YHZZQZYYWS,14.43,,0,2017-09-28,1,1,2018-03-30,1.1443,1.1443,2017-09-28,1,0.12%,1,0.12%,1,1.20%
96,159901,易方达深证100ETF,YFDSZ100ETF,14.4257,,0,2017-04-05,4.2348,4.1348,2018-03-30,4.8457,4.7148,2006-03-24,,0.05%,,,,
97,165309,建信沪深300指数(LOF),JXHS300ZSLOF,14.1868,,0,2017-04-05,1.0538,1.0538,2018-03-30,1.2033,1.2033,2009-11-05,1,0.12%,1,0.12%,1,1.20%
98,002385,博时沪深300指数C,BSHS300ZSC,14.0726,0.0018,1,2017-04-05,1.2474,1.2474,2018-03-30,1.4213,1.4231,2016-01-26,1,0.00%,,,,
99,110019,易方达深证100ETF联接A,YFDSZ100ETFLJA,13.8923,,0,2017-04-05,1.0495,1.0495,2018-03-30,1.1953,1.1953,2009-12-01,1,0.12%,1,0.12%,1,1.20%
100,159933,国投瑞银金融地产ETF,GTRYJRDCETF,13.8396,,0,2017-04-05,1.6395,1.6395,2018-03-30,1.8664,1.8664,2013-09-17,,,,,,
101,004342,南方沪深300联接基金C,NFHS300LJJJC,13.8316,,0,2017-04-05,1.2616,1.4216,2018-03-30,1.4361,1.5961,2017-02-23,1,0.00%,,,,
102,004190,招商沪深300指数增强A,ZSHS300ZSZQA,13.5933,,0,2017-04-05,0.9924,0.9924,2018-03-30,1.1273,1.1273,2017-02-10,1,0.12%,1,0.12%,1,1.20%
103,020021,国泰上证180金融ETF联接A,GTSZ180JRETFLJA,13.5854,,0,2017-04-05,1.4545,1.4545,2018-03-30,1.6521,1.6521,2011-03-31,1,0.12%,1,0.12%,1,1.20%
104,160615,鹏华沪深300指数(LOF)A,PHHS300ZSLOFA,13.5581,,0,2017-04-05,1.394,1.454,2018-03-30,1.583,1.643,2009-04-03,1,0.12%,1,0.12%,1,1.20%
105,159925,南方沪深300ETF,NFHS300ETF,13.5295,,0,2017-04-05,1.4413,1.2636,2018-03-30,1.6363,1.4346,2013-02-18,,,,,,
106,161607,融通巨潮100指数A(LOF),RTJC100ZSALOF,13.5204,0.079,1,2017-04-05,1.076,2.59,2018-03-30,1.15,2.743,2005-05-12,1,0.15%,1,0.15%,1,1.50%
107,510230,国泰上证180金融ETF,GTSZ180JRETF,13.4945,,0,2017-04-05,5.2985,1.5048,2018-03-30,6.0135,1.7079,2011-03-31,,,,,,
108,004191,招商沪深300指数增强C,ZSHS300ZSZQC,13.4375,,0,2017-04-05,0.992,0.992,2018-03-30,1.1253,1.1253,2017-02-10,1,0.00%,,,,
109,160224,国泰中证计算机主题ETF联接A,GTZZJSJZTETFLJA,13.3983,,0,2017-04-05,1.0624,0.7251,2018-03-30,1.1825,0.8197,2015-03-26,1,0.10%,1,0.10%,1,1.00%
110,161211,国投沪深300金融地产联接,GTHS300JRDCLJ,13.3688,,0,2017-04-05,1.3337,1.3337,2018-03-30,1.512,1.512,2010-04-09,1,0.12%,1,0.12%,1,1.20%
111,003548,泰达宏利沪深300指数增强C,TDHLHS300ZSZQC,13.3375,,0,2017-04-05,1.2686,1.2686,2018-03-30,1.4378,1.4378,2017-02-09,1,0.00%,,,,
112,510110,海富通上证周期ETF,HFTSZZQETF,13.3075,,0,2017-04-05,3.096,1.242,2018-03-30,3.508,1.408,2010-09-19,,,,,,
113,159908,博时创业板ETF,BSCYBETF,13.2881,,0,2017-04-05,1.3117,1.3117,2018-03-30,1.486,1.486,2011-06-10,,0.05%,,,,
114,165515,信诚沪深300指数(LOF)A,XCHS300ZSLOFA,13.1759,,0,2017-04-05,1.221,1.416,2018-03-30,0.895,1.55,2012-02-01,1,0.12%,1,0.12%,1,1.20%
115,510310,易方达沪深300发起式ETF,YFDHS300FQSETF,12.9675,,0,2017-04-05,1.4652,1.4652,2018-03-30,1.6552,1.6552,2013-03-06,,0.05%,,,,
116,200002,长城久泰沪深300指数A,CCJTHS300ZSA,12.9507,,0,2017-04-05,1.4617,4.3217,2018-03-30,1.651,4.511,2004-05-21,1,0.15%,1,0.15%,1,1.50%
117,160517,博时中证银行指数(LOF),BSZZYHZSLOF,12.9404,,0,2017-04-05,0.8942,0.9344,2018-03-30,0.9856,1.0554,2015-06-09,1,0.10%,1,0.10%,1,1.00%
118,202015,南方沪深300联接基金A,NFHS300LJJJA,12.9391,,0,2017-04-05,1.2613,1.4213,2018-03-30,1.4245,1.5845,2009-03-25,1,0.12%,1,0.12%,1,1.20%
119,510360,广发沪深300ETF,GFHS300ETF,12.9348,,0,2017-04-05,1.0839,1.0839,2018-03-30,1.2241,1.2241,2015-08-20,,,,,,
120,162213,泰达宏利沪深300指数增强A,TDHLHS300ZSZQA,12.8381,,0,2017-04-05,1.2681,1.7081,2018-03-30,1.4309,1.8709,2010-04-23,1,0.12%,1,0.12%,1,1.20%
121,090010,大成中证红利指数A,DCZZHLZSA,12.7646,,0,2017-04-05,1.559,1.559,2018-03-30,1.758,1.758,2010-02-02,1,0.12%,1,0.12%,1,1.20%
122,000512,国泰沪深300指数增强A,GTHS300ZSZQA,12.7378,,0,2017-04-05,1.735,1.735,2018-03-30,1.956,1.956,2014-05-19,1,0.10%,1,0.10%,1,1.00%
123,510330,华夏沪深300ETF,HXHS300ETF,12.6969,,0,2017-04-05,3.7395,1.5634,2018-03-30,4.2143,1.7578,2012-12-25,,,,,,
124,001594,天弘中证银行ETF联接A,THZZYHETFLJA,12.5897,,0,2017-04-05,0.9754,0.9754,2018-03-30,1.0982,1.0982,2015-07-08,1,0.10%,1,0.10%,1,1.00%
125,001344,易方达沪深300医药联接A,YFDHS300YYLJA,12.57,,0,2017-11-22,1,1,2018-03-30,1.1257,1.1257,2017-11-22,1,0.10%,1,0.10%,1,1.00%
126,159919,嘉实沪深300ETF,JSHS300ETF,12.5642,,0,2017-04-05,3.7774,1.4438,2018-03-30,4.252,1.6252,2012-05-07,,,,,,
127,003986,申万菱信中证500指数优选增强A,SWLXZZ500ZSYXZQA,12.5194,0.038,1,2017-04-05,1.0895,1.0895,2018-03-30,1.1851,1.2231,2017-01-10,1,0.12%,1,0.12%,1,1.20%
128,002063,国泰沪深300指数增强C,GTHS300ZSZQC,12.4927,,0,2017-04-05,1.721,1.721,2018-03-30,1.936,1.936,2015-11-16,1,0.00%,,,,
129,110020,易方达沪深300ETF联接A,YFDHS300ETFLJA,12.4914,,0,2017-04-05,1.1624,1.1624,2018-03-30,1.3076,1.3076,2009-08-26,1,0.12%,1,0.12%,1,1.20%
130,510300,华泰柏瑞沪深300ETF,HTBRHS300ETF,12.4877,0.046,1,2017-04-05,3.5026,1.3816,2018-03-30,3.8991,1.5458,2012-05-04,,,,,,
131,161604,融通深证100指数A,RTSZ100ZSA,12.4838,0.22,1,2017-04-05,1.309,2.687,2018-03-30,1.243,2.841,2003-09-30,1,0.15%,1,0.15%,1,1.50%
132,660008,农银沪深300指数A,NYHS300ZSA,12.4718,,0,2017-04-05,1.1506,1.1506,2018-03-30,1.2941,1.2941,2011-04-12,1,0.12%,1,0.12%,1,1.20%
133,001595,天弘中证银行ETF联接C,THZZYHETFLJC,12.3235,,0,2017-04-05,0.9705,0.9705,2018-03-30,1.0901,1.0901,2015-07-08,1,0.00%,,,,
134,159909,招商深证TMT50ETF,ZSSZTMT50ETF,12.3099,,0,2017-04-05,4.801,1.476,2018-03-30,5.392,1.658,2011-06-27,,,,,,
135,000051,华夏沪深300ETF联接A,HXHS300ETFLJA,12.2995,,0,2017-04-05,1.122,1.122,2018-03-30,1.26,1.26,2009-07-10,1,0.12%,1,0.12%,1,1.20%
136,003475,前海联合沪深300指数A,QHLHHS300ZSA,12.2874,,0,2017-04-05,1.0173,1.0173,2018-03-30,1.1423,1.1423,2016-11-30,1,0.12%,1,0.12%,1,1.20%
137,165806,东吴沪深300指数A,DWHS300ZSA,12.2485,,0,2017-04-05,1.143,1.143,2018-03-30,1.283,1.283,2012-03-09,1,0.12%,1,0.12%,1,1.20%
138,270010,广发沪深300ETF联接A,GFHS300ETFLJA,12.2287,,0,2017-04-05,1.5897,1.8797,2018-03-30,1.7841,2.0741,2008-12-30,1,0.12%,1,0.12%,1,1.20%
139,000961,天弘沪深300ETF联接A,THHS300ETFLJA,12.1618,,0,2017-04-05,1.0163,1.0163,2018-03-30,1.1399,1.1399,2015-01-20,1,0.10%,1,0.10%,1,1.00%
140,160706,嘉实沪深300ETF联接A,JSHS300ETFLJA,12.0464,0.0233,1,2017-04-05,0.996,2.864,2018-03-30,1.0944,2.9857,2005-08-29,1,0.15%,1,0.15%,1,1.50%
141,159906,大成深证成长40ETF,DCSZCZ40ETF,12.0341,,0,2017-04-05,0.939,0.939,2018-03-30,1.052,1.052,2010-12-21,,,,,,
142,519027,海富通上证周期ETF联接,HFTSZZQETFLJ,12.0109,,0,2017-04-05,1.099,1.099,2018-03-30,1.231,1.231,2010-09-28,1,0.12%,1,0.12%,1,1.20%
143,020011,国泰沪深300指数A,GTHS300ZSA,12.0026,,0,2017-04-05,0.7465,1.0687,2018-03-30,0.8361,1.1969,2007-11-11,1,0.15%,1,0.15%,1,1.50%
144,040002,华安中国A股增强指数,HAZGAGZQZS,11.9934,0.04,1,2017-04-05,0.755,3.547,2018-03-30,0.804,3.839,2002-11-08,1,0.15%,1,0.15%,1,1.50%
145,161812,银华深证100指数(LOF),YHSZ100ZSLOF,11.9048,,0,2017-04-05,0.945,1.136,2018-03-30,1.036,1.25,2010-05-07,1,0.12%,1,0.12%,1,1.20%
146,159940,广发中证全指金融地产ETF,GFZZQZJRDCETF,11.8710,,0,2017-04-05,0.8247,0.8247,2018-03-30,0.9226,0.9226,2015-03-23,,,,,,
147,460300,华泰柏瑞沪深300ETF联接A,HTBRHS300ETFLJA,11.8270,,0,2017-04-05,1.549,1.549,2018-03-30,1.7322,1.7322,2012-05-29,1,0.10%,1,0.10%,1,1.00%
148,002987,广发沪深300ETF联接C,GFHS300ETFLJC,11.7766,,0,2017-04-05,1.5862,1.5862,2018-03-30,1.773,1.773,2016-07-06,1,0.00%,,,,
149,161811,银华沪深300指数(LOF),YHHS300ZSLOF,11.7037,,0,2017-04-05,0.874,,2018-03-30,0.952,,2009-10-14,1,0.12%,1,0.12%,1,1.20%
150,164811,工银中证京津冀协同发展指数A,GYZZJJJXTFZZSA,11.6458,,0,2017-04-05,1.2591,1.3738,2018-03-30,1.3792,1.5189,2012-10-25,1,0.10%,1,0.10%,1,1.00%
151,001015,华夏沪深300指数增强A,HXHS300ZSZQA,11.6186,,0,2017-04-05,1.248,1.248,2018-03-30,1.393,1.393,2015-02-10,1,0.12%,1,0.12%,1,1.20%
152,161723,招商中证银行指数A,ZSZZYHZSA,11.5908,,0,2017-04-05,0.909,0.947,2018-03-30,0.992,1.052,2015-05-20,1,0.10%,1,0.10%,1,1.00%
153,481009,工银沪深300指数A,GYHS300ZSA,11.4195,0.0099,3,2017-04-05,1.0165,1.5136,2018-03-30,1.1234,1.6304,2009-03-05,1,0.12%,1,0.12%,1,1.20%
154,001617,天弘中证电子ETF联接A,THZZDZETFLJA,11.3571,,0,2017-04-05,0.9078,0.9078,2018-03-30,1.0109,1.0109,2015-07-29,1,0.10%,1,0.10%,1,1.00%
155,050021,博时创业板ETF联接A,BSCYBETFLJA,11.3320,,0,2017-04-05,1.2928,1.2928,2018-03-30,1.4393,1.4393,2011-06-10,1,0.08%,1,0.08%,1,0.80%
156,161035,富国中证医药主题指数增强A,FGZZYYZTZSZQA,11.3208,,0,2017-04-05,0.954,0.954,2018-03-30,1.062,1.062,2016-11-11,1,0.12%,1,0.12%,1,1.20%
157,090012,大成深证成长40ETF联接,DCSZCZ40ETFLJ,11.2971,,0,2017-04-05,0.956,0.956,2018-03-30,1.064,1.064,2010-12-21,1,0.12%,1,0.12%,1,1.20%
158,161121,易方达中证银行指数(LOF)A,YFDZZYHZSLOFA,11.2592,,0,2017-04-05,0.8716,,2018-03-30,0.945,,2015-06-03,1,0.10%,1,0.10%,1,1.00%
159,160628,鹏华中证800地产指数(LOF),PHZZ800DCZSLOF,11.1058,,0,2017-04-05,1.044,1.723,2018-03-30,1.138,1.797,2014-09-12,1,0.12%,1,0.12%,1,1.20%
160,512070,易方达沪深300非银ETF,YFDHS300FYETF,11.0874,,0,2017-04-05,1.6902,1.6902,2018-03-30,1.8776,1.8776,2014-06-26,,0.05%,,,,
161,001618,天弘中证电子ETF联接C,THZZDZETFLJC,11.0791,,0,2017-04-05,0.9035,0.9035,2018-03-30,1.0036,1.0036,2015-07-29,1,0.00%,,,,
162,160626,鹏华信息A,PHXXA,11.0357,,0,2017-04-05,1.161,1.702,2018-03-30,1.266,1.772,2014-05-05,1,0.12%,1,0.12%,1,1.20%
163,510010,交银上证180公司治理ETF,JYSZ180GSZLETF,11.0345,,0,2017-04-05,1.015,1.13,2018-03-30,1.127,1.255,2009-09-25,,,,,,
164,000613,国寿安保沪深300ETF联接,GSABHS300ETFLJ,11.0310,0.14,1,2017-04-05,1.0544,1.5744,2018-03-30,1.0376,1.6976,2014-06-05,1,0.10%,1,0.10%,1,1.00%
165,001016,华夏沪深300指数增强C,HXHS300ZSZQC,11.0121,,0,2017-04-05,1.235,1.235,2018-03-30,1.371,1.371,2015-02-10,1,0.00%,,,,
166,161726,招商国证生物医药指数(LOF)A,ZSGZSWYYZSLOFA,11.0043,,0,2017-04-05,1.02,0.669,2018-03-30,1.109,0.74,2015-05-27,1,0.10%,1,0.10%,1,1.00%
167,004743,易方达上证中盘ETF联接C,YFDSZZPETFLJC,10.9892,,0,2017-06-02,1.2394,1.2394,2018-03-30,1.3756,1.3756,2017-06-02,1,0.00%,,,,
168,160814,长盛中证金融地产指数(LOF),CSZZJRDCZSLOF,10.9100,,0,2017-04-05,0.738,0.738,2018-03-30,0.795,,2015-06-16,1,0.12%,1,0.12%,1,1.20%
169,510180,华安上证180ETF,HASZ180ETF,10.8124,0.131,1,2017-04-05,3.0988,3.1328,2018-03-30,3.3103,3.4519,2006-04-13,,,,,,
170,161227,国投瑞银深证100指数,GTRYSZ100ZS,10.7142,,0,2017-04-05,0.924,1.748,2018-03-30,1.023,1.935,2015-08-14,1,0.12%,1,0.12%,1,1.20%
171,000042,财通中证ESG100指数增强A,CTZZESG100ZSZQA,10.6799,,0,2017-04-05,1.515,1.515,2018-03-30,1.6768,1.6768,2013-03-22,1,0.12%,1,0.12%,1,1.20%
172,217019,招商深证TMT50ETF联接A,ZSSZTMT50ETFLJA,10.6534,,0,2017-04-05,1.408,1.408,2018-03-30,1.558,1.558,2011-06-27,1,0.15%,1,0.15%,1,1.50%
173,161631,融通人工智能指数(LOF)A,RTRGZNZSLOFA,10.64,,0,2017-04-10,1,1,2018-03-30,1.1064,1.1064,2017-04-10,1,0.12%,1,0.12%,1,1.20%
174,000950,易方达沪深300非银联接A,YFDHS300FYLJA,10.6347,,0,2017-04-05,0.7673,0.7673,2018-03-30,0.8489,0.8489,2015-01-22,1,0.10%,1,0.10%,1,1.00%
175,159938,广发中证全指医药卫生ETF,GFZZQZYYWSETF,10.6230,,0,2017-04-05,1.3226,1.3226,2018-03-30,1.4631,1.4631,2014-12-01,,,,,,
176,100032,富国中证红利指数增强A,FGZZHLZSZQA,10.5427,0.188,1,2017-04-05,1.171,2.564,2018-03-30,1.121,2.719,2008-11-20,1,0.15%,1,0.15%,1,1.50%
177,519686,交银上证180公司治理联接,JYSZ180GSZLLJ,10.4112,,0,2017-04-05,1.143,1.143,2018-03-30,1.262,1.262,2009-09-29,1,0.15%,1,0.15%,1,1.50%
178,160137,南方中证互联网指数(LOF),NFZZHLWZSLOF,10.3723,,0,2017-04-05,0.7531,0.7946,2018-03-30,0.804,0.877,2015-07-01,1,0.12%,1,0.12%,1,1.20%
179,003579,中金沪深300C,ZJHS300C,10.2232,,0,2017-04-05,1.0799,1.0799,2018-03-30,1.1903,1.1903,2016-11-28,1,0.00%,,,,
180,700002,平安深证300指数增强,PASZ300ZSZQ,10.1911,,0,2017-04-05,1.57,1.65,2018-03-30,1.73,1.81,2011-12-20,1,0.12%,1,0.12%,1,1.20%
181,160418,华安中证银行指数A,HAZZYHZSA,10.1909,,0,2017-04-05,0.7968,0.8407,2018-03-30,0.8507,0.9221,2015-06-09,1,0.12%,1,0.12%,1,1.20%
182,040180,华安上证180ETF联接A,HASZ180ETFLJA,10.0842,,0,2017-04-05,1.2465,1.2465,2018-03-30,1.3722,1.3722,2009-09-29,1,0.12%,1,0.12%,1,1.20%
183,000368,汇添富沪深300安中指数,HTFHS300AZZS,10.0567,,0,2017-04-05,1.3941,1.3941,2018-03-30,1.5343,1.5343,2013-11-06,1,0.12%,1,0.12%,1,1.20%
184,001556,天弘中证500指数增强A,THZZ500ZSZQA,10.0327,,0,2017-04-05,0.7954,0.7954,2018-03-30,0.8752,0.8752,2015-06-30,1,0.15%,1,0.15%,1,1.50%
185,001539,嘉实中证金融地产ETF联接A,JSZZJRDCETFLJA,9.9964,,0,2017-04-05,1.1024,1.1024,2018-03-30,1.2126,1.2126,2015-08-06,1,0.12%,1,0.12%,1,1.20%
186,512640,嘉实中证金融地产ETF,JSZZJRDCETF,9.9180,,0,2017-04-05,1.6707,1.6707,2018-03-30,1.8364,1.8364,2014-06-20,,,,,,
187,001180,广发医药卫生联接A,GFYYWSLJA,9.8858,,0,2017-04-05,0.8234,0.8234,2018-03-30,0.9048,0.9048,2015-05-06,1,0.12%,1,0.12%,1,1.20%
188,161029,富国中证银行指数(LOF)A,FGZZYHZSLOFA,9.8845,,0,2017-04-05,0.944,0.984,2018-03-30,1.015,1.077,2015-04-30,1,0.12%,1,0.12%,1,1.20%
189,519180,万家180指数,WJ180ZS,9.7958,,0,2017-04-05,0.8228,3.1628,2018-03-30,0.9034,3.2434,2003-03-15,1,0.15%,1,0.15%,1,1.50%
190,001557,天弘中证500指数增强C,THZZ500ZSZQC,9.7182,,0,2017-04-05,0.7913,0.7913,2018-03-30,0.8682,0.8682,2015-06-30,1,0.00%,,,,
191,519300,大成沪深300指数A,DCHS300ZSA,9.5999,0.0813,1,2017-04-05,1.0274,2.5337,2018-03-30,1.0512,2.6388,2006-04-06,1,0.12%,1,0.12%,1,1.20%
192,001469,广发中证全指金融地产联接A,GFZZQZJRDCLJA,9.5886,,0,2017-04-05,0.9115,0.9115,2018-03-30,0.9989,0.9989,2015-07-09,1,0.12%,1,0.12%,1,1.20%
193,160807,长盛沪深300指数(LOF),CSHS300ZSLOF,9.5689,,0,2017-04-05,1.16,1.21,2018-03-30,1.271,1.321,2010-08-04,1,0.12%,1,0.12%,1,1.20%
194,002978,广发医药卫生联接C,GFYYWSLJC,9.5400,,0,2017-04-05,0.8218,0.8218,2018-03-30,0.9002,0.9002,2016-07-06,1,0.00%,,,,
195,168205,中融中证银行指数(LOF),ZRZZYHZSLOF,9.3674,,0,2017-04-05,0.825,0.869,2018-03-30,0.875,0.947,2015-06-05,1,0.10%,1,0.10%,1,1.00%
196,001588,天弘中证800指数A,THZZ800ZSA,9.3611,,0,2017-04-05,0.8311,0.8311,2018-03-30,0.9089,0.9089,2015-07-16,1,0.10%,1,0.10%,1,1.00%
197,159931,汇添富中证金融地产ETF,HTFZZJRDCETF,9.3311,,0,2017-04-05,1.48,1.48,2018-03-30,1.6181,1.6181,2013-08-23,,0.05%,,,,
198,004193,招商中证500指数C,ZSZZ500ZSC,9.26,,0,2017-05-17,1,1,2018-03-30,1.0926,1.0926,2017-05-17,1,0.00%,,,,
199,003015,中金沪深300A,ZJHS300A,9.2291,,0,2017-04-05,1.0792,1.0792,2018-03-30,1.1788,1.1788,2016-07-22,1,0.10%,1,0.10%,1,1.00%
200,001629,天弘中证计算机ETF联接A,THZZJSJETFLJA,9.1475,,0,2017-04-05,0.6909,0.6909,2018-03-30,0.7541,0.7541,2015-07-29,1,0.10%,1,0.10%,1,1.00%
201,002979,广发中证全指金融地产联接C,GFZZQZJRDCLJC,9.1417,,0,2017-04-05,0.9123,0.9123,2018-03-30,0.9957,0.9957,2016-07-06,1,0.00%,,,,
202,001589,天弘中证800指数C,THZZ800ZSC,9.1008,,0,2017-04-05,0.8274,0.8274,2018-03-30,0.9027,0.9027,2015-07-16,1,0.00%,,,,
203,159902,华夏中小企业100ETF,HXZXQY100ETF,9.0550,,0,2017-04-05,3.291,3.411,2018-03-30,3.589,3.709,2006-06-08,,1.50%,,,,
204,510020,博时上证超大盘ETF,BSSZCDPETF,8.8911,,0,2017-04-05,2.4519,0.9043,2018-03-30,2.6699,0.9847,2009-12-29,,,,,,
205,740101,长安沪深300非周期,CAHS300FZQ,8.8694,,0,2017-04-05,1.026,1.53,2018-03-30,1.117,1.621,2012-06-25,1,0.15%,1,0.15%,1,1.50%
206,001630,天弘中证计算机ETF联接C,THZZJSJETFLJC,8.8637,,0,2017-04-05,0.6882,0.6882,2018-03-30,0.7492,0.7492,2015-07-29,1,0.00%,,,,
207,000968,广发养老指数A,GFYLZSA,8.7686,,0,2017-04-05,1.0127,1.0127,2018-03-30,1.1015,1.1015,2015-02-13,1,0.12%,1,0.12%,1,1.20%
208,160631,鹏华银行A,PHYHA,8.7286,,0,2017-04-05,0.874,0.911,2018-03-30,0.928,0.988,2015-04-17,1,0.12%,1,0.12%,1,1.20%
209,004192,招商中证500指数A,ZSZZ500ZSA,8.72,,0,2017-05-17,1,1,2018-03-30,1.0872,1.0872,2017-05-17,1,0.12%,1,0.12%,1,1.20%
210,163116,申万中证申万电子行业投资指数(LOF)A,SWZZSWDZHYTZZSLOFA,8.6867,,0,2017-04-05,1.083,0.7012,2018-03-30,1.1519,0.7621,2015-05-14,1,0.12%,1,0.12%,1,1.20%
211,161118,易方达中小企业100(LOF)A,YFDZXQY100LOFA,8.6193,,0,2017-04-05,1.0422,,2018-03-30,1.0974,,2012-09-20,1,0.12%,1,0.12%,1,1.20%
212,510880,华泰柏瑞上证红利ETF,HTBRSZHLETF,8.4515,0.109,1,2017-04-05,2.7853,2.1161,2018-03-30,2.9231,2.2778,2006-11-17,,,,,,
213,002982,广发养老指数C,GFYLZSC,8.3498,,0,2017-04-05,1.0108,1.0108,2018-03-30,1.0952,1.0952,2016-07-06,1,0.00%,,,,
214,160806,长盛同庆中证800(LOF),CSTQZZ800LOF,8.2307,,0,2017-04-05,1.3,1.194,2018-03-30,1.407,1.289,2009-05-12,1,0.12%,1,0.12%,1,1.20%
215,161122,易方达中证万得生物科技指数(LOF)A,YFDZZWDSWKJZSLOFA,8.2269,,0,2017-04-05,1.0629,,2018-03-30,1.1245,,2015-06-03,1,0.10%,1,0.10%,1,1.00%
216,159958,工银瑞信创业板ETF,GYRXCYBETF,8.22,,0,2017-12-25,1,1,2018-03-30,1.0822,1.0822,2017-12-25,,,,,,
217,510410,博时上证自然资源ETF,BSSZZRZYETF,8.2120,,0,2017-04-05,0.7075,0.7075,2018-03-30,0.7656,0.7656,2012-04-10,,,,,,
218,001550,天弘中证医药100A,THZZYY100A,8.1184,,0,2017-04-05,0.7637,0.7637,2018-03-30,0.8257,0.8257,2015-06-30,1,0.10%,1,0.10%,1,1.00%
219,159957,华夏创业板ETF,HXCYBETF,8.1003,,0,2017-12-08,1.0012,1.0012,2018-03-30,1.0823,1.0823,2017-12-08,,0.05%,,,,
220,001551,天弘中证医药100C,THZZYY100C,7.8491,,0,2017-04-05,0.7606,0.7606,2018-03-30,0.8203,0.8203,2015-06-30,1,0.00%,,,,
221,163111,申万菱信中小企业100指数(LOF)A,SWLXZXQY100ZSLOFA,7.7827,,0,2017-04-05,1.0382,1.8371,2018-03-30,1.119,1.9179,2012-05-08,1,0.12%,1,0.12%,1,1.20%
222,050013,博时上证超大盘ETF联接,BSSZCDPETFLJ,7.7354,,0,2017-04-05,0.9114,0.9114,2018-03-30,0.9819,0.9819,2009-12-29,1,0.12%,1,0.12%,1,1.20%
223,165521,信诚中证800金融(LOF)A,XCZZ800JRLOFA,7.6064,,0,2017-04-05,0.926,1.583,2018-03-30,0.974,1.655,2013-12-20,1,0.12%,1,0.12%,1,1.20%
224,502056,广发中证医疗指数(LOF)A,GFZZYLZSLOFA,7.5884,,0,2017-04-05,1.0525,0.7079,2018-03-30,1.1007,0.7568,2015-07-23,1,0.05%,1,0.05%,1,0.50%
225,004874,融通巨潮100指数C,RTJC100ZSC,7.5852,0.209,1,2017-07-05,1.1340,2.6480,2018-03-30,1.031,1.24,2017-07-05,1,0.00%,,,,
226,510060,工银上证央企ETF,GYSZYQETF,7.5343,,0,2017-04-05,1.6644,1.0646,2018-03-30,1.7898,1.1448,2009-08-26,,,,,,
227,512990,华夏MSCIA股国际通ETF,HXMSCIAGGJTETF,7.4460,,0,2017-04-05,1.0556,1.0556,2018-03-30,1.1342,1.1342,2015-02-12,,0.05%,,,,
228,050024,博时上证自然资源ETF联接,BSSZZRZYETFLJ,7.4277,,0,2017-04-05,0.6947,0.6947,2018-03-30,0.7463,0.7463,2012-04-10,1,0.12%,1,0.12%,1,1.20%
229,000975,MSCI中国A股国际通联接A,MSCIZGAGGJTLJA,7.2421,,0,2017-04-05,1.008,1.008,2018-03-30,1.081,1.081,2015-02-12,1,0.12%,1,0.12%,1,1.20%
230,159952,广发创业板ETF,GFCYBETF,7.24,,0,2017-04-25,1,1,2018-03-30,1.0724,1.0724,2017-04-25,,0.05%,,,,
231,000656,前海开源沪深300指数A,QHKYHS300ZSA,7.2247,,0,2017-04-05,1.135,1.385,2018-03-30,1.217,1.467,2014-06-17,1,0.12%,1,0.12%,1,1.20%
232,161907,万家中证红利指数(LOF)A,WJZZHLZSLOFA,7.1313,,0,2017-04-05,1.5397,1.5397,2018-03-30,1.6495,1.6495,2011-03-17,1,0.15%,1,0.15%,1,1.50%
233,165520,信诚中证800有色指数(LOF)A,XCZZ800YSZSLOFA,7.0075,,0,2017-04-05,1.105,1.242,2018-03-30,1.159,1.29,2013-08-30,1,0.12%,1,0.12%,1,1.20%
234,510170,国联安上证商品ETF,GLASZSPETF,6.8795,,0,2017-04-05,1.817,0.564,2018-03-30,1.942,0.602,2010-11-26,,,,,,
235,004744,易方达创业板ETF联接C,YFDCYBETFLJC,6.6762,,0,2017-06-02,1.8094,1.8094,2018-03-30,1.9302,1.9302,2017-06-02,1,0.00%,,,,
236,510190,华安上证龙头ETF,HASZLTETF,6.5685,,0,2017-04-05,3.395,1.301,2018-03-30,3.618,1.386,2010-11-18,,,,,,
237,004876,融通深证100指数C,RTSZ100ZSC,6.5215,0.22,1,2017-07-05,1.3780,2.7560,2018-03-30,1.239,1.459,2017-07-05,1,0.00%,,,,
238,159956,建信创业板ETF,JXCYBETF,6.3994,,0,2018-02-06,1.0001,1.0001,2018-03-30,1.0641,1.0641,2018-02-06,,,,,,
239,690008,民生中证内地资源主题指数A,MSZZNDZYZTZSA,6.3599,,0,2017-04-05,0.739,0.739,2018-03-30,0.786,0.786,2012-03-08,1,0.12%,1,0.12%,1,1.20%
240,257060,国联安上证商品ETF联接,GLASZSPETFLJ,6.3276,,0,2017-04-05,0.58,0.58,2018-03-30,0.6167,0.6167,2010-12-01,1,0.15%,1,0.15%,1,1.50%
241,161217,国投瑞银中证资源指数,GTRYZZZYZS,6.3218,,0,2017-04-05,0.696,0.696,2018-03-30,0.74,0.74,2011-07-21,1,0.12%,1,0.12%,1,1.20%
242,160422,华安创业板50ETF联接A,HACYB50ETFLJA,6.31,,0,2017-04-11,1,1,2018-03-30,1.0631,1.0631,2017-04-11,1,0.12%,1,0.12%,1,1.20%
243,512550,嘉实富时中国A50ETF,JSFSZGA50ETF,6.29,,0,2017-07-03,1,1,2018-03-30,1.0629,1.0629,2017-07-03,,,,,,
244,040190,华安上证龙头企业ETF联接A,HASZLTQYETFLJA,6.1193,,0,2017-04-05,1.291,1.291,2018-03-30,1.37,1.37,2010-11-18,1,0.12%,1,0.12%,1,1.20%
245,510120,海富通上证非周期ETF,HFTSZFZQETF,5.8658,,0,2017-04-05,2.83,1.192,2018-03-30,2.996,1.262,2011-04-22,,,,,,
246,160218,国泰国证房地产行业指数A,GTGZFDCHYZSA,5.8539,,0,2017-04-05,0.7587,1.8933,2018-03-30,0.7766,1.9386,2013-02-06,1,0.10%,1,0.10%,1,1.00%
247,002659,兴业中债1-3年政金债A,XYZZ13NZJZA,5.7985,,0,2017-04-05,1.052,1.052,2018-03-30,1.113,1.113,2016-06-30,1,0.05%,1,0.05%,1,0.50%
248,159912,汇添富深证300ETF,HTFSZ300ETF,5.6306,,0,2017-04-05,1.3249,1.3249,2018-03-30,1.3995,1.3995,2011-09-16,,,,,,
249,166402,浦银安盛沪港深基本面100,PYASHGSJBM100,5.6,,0,2017-04-27,1,1,2018-03-30,1.056,1.056,2017-04-27,1,0.12%,1,0.12%,1,1.20%
250,510270,中银上证国企100ETF,ZYSZGQ100ETF,5.5662,,0,2017-04-05,1.042,1.216,2018-03-30,1.1,1.284,2011-06-16,,,,,,
251,310318,申万菱信沪深300指数增强A,SWLXHS300ZSZQA,5.5286,,0,2017-04-05,2.1054,2.8979,2018-03-30,2.2218,3.0143,2004-11-29,1,0.12%,1,0.12%,1,1.20%
252,003766,广发创业板ETF联接C,GFCYBETFLJC,5.28,,0,2017-05-25,1,1,2018-03-30,1.0528,1.0528,2017-05-25,1,0.00%,,,,
253,162412,华宝医疗ETF联接A,HBYLETFLJA,5.1902,,0,2017-04-05,0.987,0.3793,2018-03-30,1.0066,0.399,2015-05-21,1,0.12%,1,0.12%,1,1.20%
254,470068,汇添富深证300ETF联接,HTFSZ300ETFLJ,5.1461,,0,2017-04-05,1.3622,1.3622,2018-03-30,1.4323,1.4323,2011-09-28,1,0.10%,1,0.10%,1,1.00%
255,003765,广发创业板ETF联接A,GFCYBETFLJA,5.14,,0,2017-05-25,1,1,2018-03-30,1.0514,1.0514,2017-05-25,1,0.12%,1,0.12%,1,1.20%
256,519032,海富通上证非周期ETF联接,HFTSZFZQETFLJ,5.1192,,0,2017-04-05,1.133,1.133,2018-03-30,1.191,1.191,2011-04-27,1,0.12%,1,0.12%,1,1.20%
257,001242,博时中证淘金大数据100A,BSZZTJDSJ100A,5.0835,,0,2017-04-05,0.9167,0.9167,2018-03-30,0.9633,0.9633,2015-05-04,1,0.12%,1,0.12%,1,1.20%
258,001243,博时中证淘金大数据100I,BSZZTJDSJ100I,5.0818,,0,2017-04-05,0.917,0.917,2018-03-30,0.9636,0.9636,2015-05-04,,0.60%,,,,
259,004488,嘉实富时中国A50ETF联接A,JSFSZGA50ETFLJA,5.06,,0,2017-06-29,1,1,2018-03-30,1.0506,1.0506,2017-06-29,1,0.12%,1,0.12%,1,1.20%
260,233010,大摩深证300指数增强,DMSZ300ZSZQ,5.0539,,0,2017-04-05,1.484,1.484,2018-03-30,1.559,1.559,2011-11-15,1,0.12%,1,0.12%,1,1.20%
261,004513,海富通沪深300指数增强A,HFTHS300ZSZQA,5,,0,2017-05-10,1,1,2018-03-30,1.05,1.05,2017-05-10,1,0.10%,1,0.10%,1,1.00%
262,003760,国泰中证500指数增强A,GTZZ500ZSZQA,4.97,,0,2017-08-01,1,1,2018-03-30,1.0497,1.0497,2017-08-01,1,0.10%,1,0.10%,1,1.00%
263,003761,国泰中证500指数增强C,GTZZ500ZSZQC,4.9,,0,2017-08-01,1,1,2018-03-30,1.049,1.049,2017-08-01,1,0.00%,,,,
264,501302,南方恒指ETF联接(LOF)A,NFHZETFLJLOFA,4.76,,0,2017-07-21,1,1,2018-03-30,1.0476,1.0476,2017-07-21,1,0.12%,1,0.12%,1,1.20%
265,161612,融通深证成份指数A,RTSZCFZSA,4.6457,,0,2017-04-05,0.861,0.871,2018-03-30,0.901,0.911,2010-11-15,1,0.12%,1,0.12%,1,1.20%
266,002316,创金合信中证500指数增强C,CJHXZZ500ZSZQC,4.6277,,0,2017-04-05,0.9897,0.9897,2018-03-30,1.0355,1.0355,2015-12-31,1,0.00%,,,,
267,501007,汇添富中证互联网医疗指数A,HTFZZHLWYLZSA,4.4749,,0,2017-04-05,0.9855,0.9855,2018-03-30,1.0296,1.0296,2016-12-22,1,0.08%,1,0.08%,1,0.80%
268,585001,东吴中证新兴指数,DWZZXXZS,4.3845,,0,2017-04-05,1.186,1.186,2018-03-30,1.238,1.238,2011-02-01,1,0.12%,1,0.12%,1,1.20%
269,519034,海富通中证500增强A,HFTZZ500ZQA,4.2484,,0,2017-04-05,1.53,1.53,2018-03-30,1.595,1.595,2012-05-25,1,0.12%,1,0.12%,1,1.20%
270,501008,汇添富中证互联网医疗指数C,HTFZZHLWYLZSC,4.2357,,0,2017-04-05,0.9845,0.9845,2018-03-30,1.0262,1.0262,2016-12-22,1,0.00%,,,,
271,005063,广发中证全指家用电器指数A,GFZZQZJYDQZSA,4.21,,0,2017-09-13,1,1,2018-03-30,1.0421,1.0421,2017-09-13,1,0.12%,1,0.12%,1,1.20%
272,512220,景顺中证科技传媒通信150ETF,JSZZKJCMTX150ETF,4.1237,,0,2017-04-05,1.3871,1.3871,2018-03-30,1.4443,1.4443,2014-07-18,,,,,,
273,004512,海富通沪深300指数增强C,HFTHS300ZSZQC,4.1,,0,2017-05-10,1,1,2018-03-30,1.041,1.041,2017-05-10,1,0.00%,,,,
274,000059,国联安中证医药100A,GLAZZYY100A,4.0656,,0,2017-04-05,1.006,1.566,2018-03-30,1.0469,1.6069,2013-08-21,1,0.12%,1,0.12%,1,1.20%
275,005064,广发中证全指家用电器指数C,GFZZQZJYDQZSC,4.06,,0,2017-09-13,1,1,2018-03-30,1.0406,1.0406,2017-09-13,1,0.00%,,,,
276,002311,创金合信中证500指数增强A,CJHXZZ500ZSZQA,3.9782,,0,2017-04-05,0.9904,0.9904,2018-03-30,1.0298,1.0298,2015-12-31,1,0.15%,1,0.15%,1,1.50%
277,510130,中盘ETF,ZPETF,3.9145,,0,2017-04-05,3.7629,1.2942,2018-03-30,3.9102,1.3449,2010-03-29,,0.05%,,,,
278,110021,易方达上证中盘ETF联接A,YFDSZZPETFLJA,3.7040,,0,2017-04-05,1.2878,1.2878,2018-03-30,1.3355,1.3355,2010-03-31,1,0.12%,1,0.12%,1,1.20%
279,511220,海富通上证城投债ETF,HFTSZCTZETF,3.6308,6.0,4,2017-04-05,97.291,1.108,2018-03-30,94.704,1.142,2014-11-13,,,,,,
280,003429,中证兴业中高等级信用债指数,ZZXYZGDJXYZZS,3.6232,0.036,3,2017-04-05,1.008,1.008,2018-03-30,1.008,1.044,2016-11-04,1,0.06%,1,0.06%,1,0.60%
281,001552,天弘中证证券保险A,THZZZQBXA,3.6050,,0,2017-04-05,0.7351,0.7351,2018-03-30,0.7616,0.7616,2015-06-30,1,0.10%,1,0.10%,1,1.00%
282,501029,华宝标普中国A股红利机会指数A,HBBPZGAGHLJHZSA,3.6041,0.03,1,2017-04-05,1.0317,1.0317,2018-03-30,1.0399,1.0699,2017-01-18,1,0.10%,1,0.10%,1,1.00%
283,001361,景顺中证科技传媒通信150ETF联接,JSZZKJCMTX150ETFLJ,3.5714,,0,2017-04-05,0.588,0.588,2018-03-30,0.609,0.609,2015-06-15,1,0.12%,1,0.12%,1,1.20%
284,159943,大成深证成份ETF,DCSZCFETF,3.4068,,0,2017-04-05,11.125,0.73,2018-03-30,11.504,0.755,2015-06-05,,,,,,
285,165523,信诚中证信息安全指数(LOF)A,XCZZXXAQZSLOFA,3.3962,,0,2017-04-05,0.857,,2018-03-30,0.862,,2015-06-26,1,0.10%,1,0.10%,1,1.00%
286,004875,融通深证成份指数C,RTSZCFZSC,3.3526,,0,2017-07-05,0.8650,0.8750,2018-03-30,0.894,0.894,2017-07-05,1,0.00%,,,,
287,001553,天弘中证证券保险C,THZZZQBXC,3.3484,,0,2017-04-05,0.7317,0.7317,2018-03-30,0.7562,0.7562,2015-06-30,1,0.00%,,,,
288,004788,富荣沪深300指数增强A,FRHS300ZSZQA,3.24,,0,2018-02-11,1,1,2018-03-30,1.0324,1.0324,2018-02-11,1,0.12%,1,0.12%,1,1.20%
289,001397,建信精工制造指数增强,JXJGZZZSZQ,3.2286,,0,2017-04-05,1.1398,1.1398,2018-03-30,1.1766,1.1766,2015-08-26,1,0.15%,1,0.15%,1,1.50%
290,004789,富荣沪深300指数增强C,FRHS300ZSZQC,3.21,,0,2018-02-11,1,1,2018-03-30,1.0321,1.0321,2018-02-11,1,0.00%,,,,
291,159903,南方深证成份ETF,NFSZCFETF,3.1365,,0,2017-04-05,1.1382,0.8398,2018-03-30,1.1739,0.8662,2009-12-04,,,,,,
292,161816,银华中证等权重90指数(LOF),YHZZDQZ90ZSLOF,3.0975,,0,2017-04-05,1.087,1.203,2018-03-30,1.097,1.216,2011-03-17,1,0.12%,1,0.12%,1,1.20%
293,160636,鹏华中证移动互联网指数(LOF),PHZZYDHLWZSLOF,3.0772,,0,2017-04-05,1.051,0.654,2018-03-30,1.062,0.674,2015-06-16,1,0.12%,1,0.12%,1,1.20%
294,159955,嘉实创业板ETF,JSCYBETF,2.98,,0,2017-07-14,1,1,2018-03-30,1.0298,1.0298,2017-07-14,,,,,,
295,003578,中金中证500C,ZJZZ500C,2.9466,,0,2017-04-05,1.0724,1.0724,2018-03-30,1.104,1.104,2016-11-28,1,0.00%,,,,
296,410010,华富中小企业100指数增强,HFZXQY100ZSZQ,2.9192,,0,2017-04-05,1.336,1.336,2018-03-30,1.375,1.375,2011-12-09,1,0.12%,1,0.12%,1,1.20%
297,202017,南方深证成份ETF联接A,NFSZCFETFLJA,2.8802,,0,2017-04-05,0.868,0.868,2018-03-30,0.893,0.893,2009-12-09,1,0.12%,1,0.12%,1,1.20%
298,161119,易方达中债新综指(LOF)A,YFDZZXZZLOFA,2.8206,,0,2017-04-05,1.2267,1.2267,2018-03-30,1.2613,1.2613,2012-11-08,1,0.08%,1,0.08%,1,0.80%
299,001420,南方大数据300A,NFDSJ300A,2.7477,,0,2017-04-05,1.0518,1.0518,2018-03-30,1.0807,1.0807,2015-06-24,1,0.12%,1,0.12%,1,1.20%
300,450008,国富沪深300指数增强,GFHS300ZSZQ,2.7344,0.3431,1,2017-04-05,1.379,1.379,2018-03-30,1.072,1.415,2009-09-03,1,0.12%,1,0.12%,1,1.20%
301,004345,南方深证成份ETF联接C,NFSZCFETFLJC,2.6043,,0,2017-04-05,0.8678,0.8678,2018-03-30,0.8904,0.8904,2017-02-23,1,0.00%,,,,
302,160225,国泰国证新能源汽车指数A,GTGZXNYQCZSA,2.5836,,0,2017-04-05,1.0373,1.0373,2018-03-30,1.0641,1.0641,2015-08-27,1,0.12%,1,0.12%,1,1.20%
303,161120,易方达中债新综指(LOF)C,YFDZZXZZLOFC,2.4551,,0,2017-04-05,1.2138,1.2138,2018-03-30,1.2436,1.2436,2012-11-08,1,0.00%,,0.00%,0,0.00%
304,161721,招商沪深300地产等权重指数A,ZSHS300DCDQZZSA,2.4451,,0,2017-04-05,0.778,1.341,2018-03-30,0.774,1.36,2014-11-27,1,0.10%,1,0.10%,1,1.00%
305,502006,易方达中证国企改革(LOF)A,YFDZZGQGGLOFA,2.3851,,0,2017-04-05,1.0251,,2018-03-30,1.0263,,2015-06-15,1,0.10%,1,0.10%,1,1.00%
306,001426,南方大数据300C,NFDSJ300C,2.3700,,0,2017-04-05,1.0464,1.0464,2018-03-30,1.0712,1.0712,2015-06-24,1,0.00%,,,,
307,002906,南方中证500量化增强A,NFZZ500LHZQA,2.2461,,0,2017-04-05,1.024,1.024,2018-03-30,1.047,1.047,2016-11-23,1,0.15%,1,0.15%,1,1.50%
308,470007,汇添富上证综合指数,HTFSZZHZS,2.1661,0.026,2,2017-04-05,1.035,1.145,2018-03-30,1.033,1.169,2009-07-01,1,0.10%,1,0.10%,1,1.00%
309,510590,平安中证500ETF,PAZZ500ETF,2.0202,,0,2018-03-23,0.9999,0.9999,2018-03-30,1.0201,1.0201,2018-03-23,,,,,,
310,003016,中金中证500A,ZJZZ500A,1.9588,,0,2017-04-05,1.0721,1.0721,2018-03-30,1.0931,1.0931,2016-07-22,1,0.10%,1,0.10%,1,1.00%
311,003081,中融1-3年中高等级信用债A,ZR13NZGDJXYZA,1.9122,,0,2017-04-05,1.0041,1.0041,2018-03-30,1.0233,1.0233,2016-12-27,1,0.04%,1,0.04%,1,0.40%
312,005727,嘉实中创400ETF联接C,JSZC400ETFLJC,1.9,,0,2018-03-06,1,1,2018-03-30,1.019,1.019,2018-03-06,1,0.00%,,,,
313,002907,南方中证500量化增强C,NFZZ500LHZQC,1.8482,,0,2017-04-05,1.028,1.028,2018-03-30,1.047,1.047,2016-11-23,1,0.00%,,,,
314,320014,诺安沪深300指数增强A,NAHS300ZSZQA,1.8470,,0,2017-04-05,1.137,1.137,2018-03-30,1.158,1.158,2011-04-07,1,0.12%,1,0.12%,1,1.20%
315,003082,中融1-3年中高等级信用债C,ZR13NZGDJXYZC,1.6246,,0,2017-04-05,1.0033,1.0033,2018-03-30,1.0196,1.0196,2016-12-27,1,0.00%,,,,
316,159939,广发中证全指信息技术ETF,GFZZQZXXJSETF,1.6047,,0,2017-04-05,1.1217,1.1217,2018-03-30,1.1397,1.1397,2015-01-08,,,,,,
317,512330,南方中证500信息技术ETF,NFZZ500XXJSETF,1.5854,,0,2017-04-05,0.8452,0.8452,2018-03-30,0.8586,0.8586,2015-06-29,,,,,,
318,512700,南方中证银行ETF,NFZZYHETF,1.54,,0,2017-06-28,1,1,2018-03-30,1.0154,1.0154,2017-06-28,,,,,,
319,460220,华泰柏瑞上证中小盘ETF联接,HTBRSZZXPETFLJ,1.5194,,0,2017-04-05,1.0728,1.0728,2018-03-30,1.0891,1.0891,2011-01-26,1,0.15%,1,0.15%,1,1.50%
320,510220,华泰柏瑞上证中小盘ETF,HTBRSZZXPETF,1.4611,,0,2017-04-05,4.0929,1.1293,2018-03-30,4.1527,1.1456,2011-01-26,,,,,,
321,160516,博时中证全指证券公司指数(LOF),BSZZQZZQGSZSLOF,1.4212,,0,2017-04-05,1.0871,0.7029,2018-03-30,1.0807,0.7129,2015-05-19,1,0.10%,1,0.10%,1,1.00%
322,004857,广发中证全指建筑材料指数C,GFZZQZJZCLZSC,1.37,,0,2017-08-02,1,1,2018-03-30,1.0137,1.0137,2017-08-02,1,0.00%,,,,
323,000942,广发信息技术联接A,GFXXJSLJA,1.3007,,0,2017-04-05,1.0533,1.0533,2018-03-30,1.067,1.067,2015-01-29,1,0.12%,1,0.12%,1,1.20%
324,512980,广发中证传媒ETF,GFZZCMETF,1.18,,0,2017-12-27,1,1,2018-03-30,1.0118,1.0118,2017-12-27,,,,,,
325,002974,广发信息技术联接C,GFXXJSLJC,1.1299,,0,2017-04-05,1.0533,1.0533,2018-03-30,1.0652,1.0652,2016-07-06,1,0.00%,,,,
326,163109,申万菱信深证成份指数(LOF)A,SWLXSZCFZSLOFA,1.1083,,0,2017-04-05,0.5993,0.7771,2018-03-30,0.5841,0.7844,2010-10-22,1,0.12%,1,0.12%,1,1.20%
327,004856,广发中证全指建筑材料指数A,GFZZQZJZCLZSA,1.03,,0,2017-08-02,1,1,2018-03-30,1.0103,1.0103,2017-08-02,1,0.10%,1,0.10%,1,1.00%
328,001512,易方达中债3-5年期国债指数,YFDZZ35NQGZZS,0.9328,,0,2017-04-05,1.072,1.072,2018-03-30,1.082,1.082,2015-07-08,1,0.08%,1,0.08%,1,0.80%
329,510080,长盛全债指数增强债券,CSQZZSZQZQ,0.8348,0.02,1,2017-04-05,1.124,2.389,2018-03-30,1.1137,2.3987,2003-10-25,1,0.10%,1,0.10%,1,1.00%
330,005313,万家中证1000指数增强A,WJZZ1000ZSZQA,0.76,,0,2018-01-30,1,1,2018-03-30,1.0076,1.0076,2018-01-30,1,0.15%,1,0.15%,1,1.50%
331,002900,南方中证500信息技术联接A,NFZZ500XXJSLJA,0.7276,,0,2017-04-05,0.9621,0.9621,2018-03-30,0.9691,0.9691,2016-08-17,1,0.12%,1,0.12%,1,1.20%
332,001021,华夏亚债中国指数A,HXYZZGZSA,0.7067,,0,2017-04-05,1.132,1.237,2018-03-30,1.14,1.245,2011-05-25,1,0.08%,1,0.08%,1,0.80%
333,160625,鹏华证券保险指数(LOF),PHZQBXZSLOF,0.6224,,0,2017-04-05,1.156,1.732,2018-03-30,1.143,1.737,2014-05-05,1,0.12%,1,0.12%,1,1.20%
334,501005,汇添富中证精准医疗指数A,HTFZZJZYLZSA,0.6018,,0,2017-04-05,1.0137,1.0137,2018-03-30,1.0198,1.0198,2016-01-21,1,0.08%,1,0.08%,1,0.80%
335,501043,汇添富沪深300指数A,HTFHS300ZSA,0.6,,0,2017-09-06,1,1,2018-03-30,1.006,1.006,2017-09-06,1,0.08%,1,0.08%,1,0.80%
336,501045,汇添富沪深300指数C,HTFHS300ZSC,0.56,,0,2017-09-06,1,1,2018-03-30,1.0056,1.0056,2017-09-06,1,0.00%,,,,
337,004347,南方中证500信息技术联接C,NFZZ500XXJSLJC,0.4988,,0,2017-04-05,0.9625,0.9625,2018-03-30,0.9673,0.9673,2017-02-23,1,0.00%,,,,
338,202021,南方小康ETF联接A,NFXKETFLJA,0.4141,,0,2017-04-05,1.2559,1.2759,2018-03-30,1.2611,1.2811,2010-08-27,1,0.12%,1,0.12%,1,1.20%
339,159907,广发中小企业300ETF,GFZXQY300ETF,0.3996,,0,2017-04-05,1.4767,1.3417,2018-03-30,1.4826,1.347,2011-06-03,,,,,,
340,510160,中证南方小康产业指数ETF,ZZNFXKCYZSETF,0.3835,,0,2017-04-05,0.5738,1.4276,2018-03-30,0.576,1.433,2010-08-27,,,,,,
341,162216,泰达中证500指数增强(LOF),TDZZ500ZSZQLOF,0.3677,,0,2017-04-05,1.0196,2.1579,2018-03-30,1.0042,2.1625,2011-12-01,1,0.12%,1,0.12%,1,1.20%
342,001023,华夏亚债中国指数C,HXYZZGZSC,0.2708,,0,2017-04-05,1.108,1.213,2018-03-30,1.111,1.216,2011-05-25,1,0.00%,,0.00%,0,0.00%
343,003318,景顺中证500行业中性低波动,JSZZ500HYZXDBD,0.2681,,0,2017-04-05,1.0071,1.0071,2018-03-30,1.0098,1.0098,2017-03-03,1,0.12%,1,0.12%,1,1.20%
344,004790,富荣中证500指数A,FRZZ500ZSA,0.24,,0,2018-02-13,1,1,2018-03-30,1.0024,1.0024,2018-02-13,1,0.12%,1,0.12%,1,1.20%
345,511260,国泰上证10年期国债ETF,GTSZ10NQGZETF,0.224955,,0,2017-08-04,100.02,1,2018-03-30,100.245,1.002,2017-08-04,,,,,,
346,004791,富荣中证500指数C,FRZZ500ZSC,0.22,,0,2018-02-13,1,1,2018-03-30,1.0022,1.0022,2018-02-13,1,0.00%,,,,
347,501006,汇添富中证精准医疗指数C,HTFZZJZYLZSC,0.2081,,0,2017-04-05,1.0089,1.0089,2018-03-30,1.011,1.011,2016-01-21,1,0.00%,,,,
348,511310,富国中证10年期国债ETF,FGZZ10NQGZETF,0.1126,,0,2018-03-19,100.0296,1.0003,2018-03-30,100.1422,1.0014,2018-03-19,,,,,,
349,159951,嘉实中关村A股ETF,JSZGCAGETF,0.11,,0,2017-06-07,1,1,2018-03-30,1.0011,1.0011,2017-06-07,,,,,,
350,161017,富国中证500指数增强(LOF)A,FGZZ500ZSZQLOFA,0.0924,,0,2017-04-05,2.165,2.165,2018-03-30,2.167,2.167,2011-10-12,1,0.15%,1,0.15%,1,1.50%
351,004346,南方小康ETF联接C,NFXKETFLJC,0.0717,,0,2017-04-05,1.2558,1.2758,2018-03-30,1.2567,1.2767,2017-02-23,1,0.00%,,,,
352,005390,工银创业板ETF联接A,GYCYBETFLJA,0.06,,0,2018-03-21,1,1,2018-03-30,1.0006,1.0006,2018-03-21,1,0.10%,1,0.10%,1,1.00%
353,005391,工银创业板ETF联接C,GYCYBETFLJC,0.06,,0,2018-03-21,1,1,2018-03-30,1.0006,1.0006,2018-03-21,1,0.00%,,,,
354,005530,汇添富沪深300指数增强A,HTFHS300ZSZQA,0.02,,0,2018-03-23,1,1,2018-03-30,1.0002,1.0002,2018-03-23,1,0.15%,1,0.15%,1,1.50%
355,002076,浙商中证500指数增强A,ZSZZ500ZSZQA,0,,0,2017-04-05,1.0589,1.0589,2018-03-30,1.0589,1.0589,2016-05-11,1,0.15%,1,0.15%,1,1.50%
356,162416,华宝港股通恒生香港35,HBGGTHSXG35,0,,0,2018-03-30,1,1,2018-03-30,1,1,2018-03-30,1,0.10%,1,0.10%,1,1.00%
357,003184,财通中证ESG100指数增强C,CTZZESG100ZSZQC,0,,0,2017-04-14,1,1,2018-03-30,1,1,2017-04-14,,0.00%,,,,
358,161025,富国中证移动互联网指数(LOF)A,FGZZYDHLWZSLOFA,-0.0098,,0,2017-04-05,0.686,1.465,2018-03-30,1.078,1.465,2014-09-02,1,0.12%,1,0.12%,1,1.20%
359,005314,万家中证1000指数增强C,WJZZ1000ZSZQC,-0.05,,0,2018-01-30,1,1,2018-03-30,0.9995,0.9995,2018-01-30,1,0.00%,,,,
360,161026,富国中证国有企业改革指数(LOF)A,FGZZGYQYGGZSLOFA,-0.1633,,0,2017-04-05,0.921,1.205,2018-03-30,0.898,1.204,2014-12-17,1,0.12%,1,0.12%,1,1.20%
361,511010,国泰上证5年期国债ETF,GTSZ5NQGZETF,-0.1992,,0,2017-04-05,111.42,1.127,2018-03-30,111.198,1.125,2013-03-05,,,,,,
362,004642,南方房地产ETF联接A,NFFDCETFLJA,-0.23,,0,2017-08-24,1,1,2018-03-30,0.9977,0.9977,2017-08-24,1,0.12%,1,0.12%,1,1.20%
363,001899,东海社会安全,DHSHAQ,-0.2488,,0,2017-04-05,0.804,0.804,2018-03-30,0.802,0.802,2015-11-23,1,0.12%,1,0.12%,1,1.20%
364,004597,南方银行ETF联接A,NFYHETFLJA,-0.28,,0,2017-06-29,1,1,2018-03-30,0.9972,0.9972,2017-06-29,1,0.12%,1,0.12%,1,1.20%
365,270026,广发中小企业300ETF联接A,GFZXQY300ETFLJA,-0.2867,,0,2017-04-05,1.2209,1.2209,2018-03-30,1.2174,1.2174,2011-06-09,1,0.12%,1,0.12%,1,1.20%
366,003376,广发中债7-10年国开债指数A,GFZZ710NGKZZSA,-0.2929,,0,2017-04-05,0.9559,0.9559,2018-03-30,0.9531,0.9531,2016-09-26,1,0.05%,1,0.05%,1,0.50%
367,160221,国泰国证有色金属行业指数(LOF),GTGZYSJSHYZSLOF,-0.3384,,0,2017-04-05,1.1168,0.7667,2018-03-30,1.0874,0.7654,2015-03-30,1,0.00%,,,,
368,004870,融通创业板指数C,RTCYBZSC,-0.4479,,0,2017-07-05,0.8930,2.1530,2018-03-30,0.889,0.889,2017-07-05,1,0.00%,,,,
369,004643,南方房地产ETF联接C,NFFDCETFLJC,-0.46,,0,2017-08-24,1,1,2018-03-30,0.9954,0.9954,2017-08-24,1,0.00%,,,,
370,002670,万家沪深300指数增强A,WJHS300ZSZQA,-0.5380,,0,2017-04-05,1.0037,1.0037,2018-03-30,0.9983,0.9983,2016-09-26,1,0.10%,1,0.10%,1,1.00%
371,003377,广发中债7-10年国开债指数C,GFZZ710NGKZZSC,-0.5593,,0,2017-04-05,0.9476,0.9476,2018-03-30,0.9423,0.9423,2016-09-26,1,0.00%,,,,
372,004598,南方银行ETF联接C,NFYHETFLJC,-0.58,,0,2017-06-29,1,1,2018-03-30,0.9942,0.9942,2017-06-29,1,0.00%,,,,
373,510210,上证综指ETF,SZZZETF,-0.7886,,0,2017-04-05,3.677,1.258,2018-03-30,3.648,1.248,2011-01-30,,,,,,
374,001879,长城创业板指数增强A,CCCYBZSZQA,-1,,0,2017-06-01,1,1,2018-03-30,0.99,0.99,2017-06-01,1,0.15%,1,0.15%,1,1.50%
375,290010,泰信中证200指数,TXZZ200ZS,-1.0280,,0,2017-04-05,1.07,1.09,2018-03-30,1.059,1.079,2011-06-09,1,0.12%,1,0.12%,1,1.20%
376,160620,鹏华资源A,PHZYA,-1.0307,,0,2017-04-05,1.227,0.862,2018-03-30,1.194,0.855,2012-09-27,1,0.12%,1,0.12%,1,1.20%
377,159926,嘉实中证中期国债ETF,JSZZZQGZETF,-1.0353,,0,2017-04-05,110.596,1.106,2018-03-30,109.451,1.095,2013-05-10,,,,,,
378,100053,富国上证指数ETF联接A,FGSZZSETFLJA,-1.0595,,0,2017-04-05,1.227,1.227,2018-03-30,1.214,1.214,2011-01-30,1,0.15%,1,0.15%,1,1.50%
379,003358,易方达中债7-10年国开债A,YFDZZ710NGKZA,-1.1356,,0,2017-04-05,0.951,0.951,2018-03-30,0.9402,0.9402,2016-09-27,1,0.08%,1,0.08%,1,0.80%
380,512800,华宝中证银行ETF,HBZZYHETF,-1.1945,,0,2017-07-18,1.0046,1.0046,2018-03-30,0.9926,0.9926,2017-07-18,,,,,,
381,159944,广发中证全指原材料ETF,GFZZQZYCLETF,-1.3271,,0,2017-04-05,0.9193,0.9193,2018-03-30,0.9071,0.9071,2015-06-25,,,,,,
382,002656,南方创业板ETF联接A,NFCYBETFLJA,-1.6557,,0,2017-04-05,0.9241,0.9241,2018-03-30,0.9088,0.9088,2016-05-20,1,0.12%,1,0.12%,1,1.20%
383,004753,广发中证传媒ETF联接C,GFZZCMETFLJC,-1.67,,0,2018-01-02,1,1,2018-03-30,0.9833,0.9833,2018-01-02,1,0.00%,,,,
384,005125,华宝标普中国A股红利机会指数C,HBBPZGAGHLJHZSC,-1.6712,0.03,1,2017-08-28,1.0844,1.0844,2018-03-30,1.0373,1.0673,2017-08-28,1,0.00%,,,,
385,004752,广发中证传媒ETF联接A,GFZZCMETFLJA,-1.74,,0,2018-01-02,1,1,2018-03-30,0.9826,0.9826,2018-01-02,1,0.12%,1,0.12%,1,1.20%
386,005633,建信中证500指数增强C,JXZZ500ZSZQC,-1.7878,,0,2018-03-16,2.3716,1,2018-03-30,2.3292,2.3292,2018-03-16,1,0.00%,,,,
387,004343,南方创业板ETF联接C,NFCYBETFLJC,-1.8283,,0,2017-04-05,0.9408,0.9408,2018-03-30,0.9236,0.9236,2017-02-23,1,0.00%,,,,
388,502023,鹏华国证钢铁行业指数(LOF)A,PHGZGTHYZSLOFA,-1.8656,,0,2017-04-05,0.989,1.015,2018-03-30,0.952,1.001,2015-08-13,1,0.12%,1,0.12%,1,1.20%
389,164401,前海开源中证健康产业指数,QHKYZZJKCYZS,-1.9350,,0,2017-04-05,1.018,1.073,2018-03-30,0.969,1.054,2015-04-16,1,0.12%,1,0.12%,1,1.20%
390,165522,信诚中证TMT产业主题指数(LOF)A,XCZZTMTCYZTZSLOFA,-1.9731,,0,2017-04-05,0.815,1.521,2018-03-30,0.776,1.511,2014-11-28,1,0.10%,1,0.10%,1,1.00%
391,005062,博时中证500指数增强A,BSZZ500ZSZQA,-1.99,,0,2017-09-26,1,1,2018-03-30,0.9801,0.9801,2017-09-26,1,0.12%,1,0.12%,1,1.20%
392,159948,南方创业板ETF,NFCYBETF,-1.9927,,0,2017-04-05,2.0074,0.9864,2018-03-30,1.9674,0.9668,2016-05-13,,0.05%,,,,
393,501011,汇添富中证中药指数(LOF)A,HTFZZZYZSLOFA,-2.0282,,0,2017-04-05,1.065,1.065,2018-03-30,1.0434,1.0434,2016-12-29,1,0.10%,1,0.10%,1,1.00%
394,004945,长信中证500指数增强A,CXZZ500ZSZQA,-2.1898,,0,2017-08-30,1.0001,1.0001,2018-03-30,0.9782,0.9782,2017-08-30,1,0.15%,1,0.15%,1,1.50%
395,501012,汇添富中证中药指数(LOF)C,HTFZZZYZSLOFC,-2.2178,,0,2017-04-05,1.0641,1.0641,2018-03-30,1.0405,1.0405,2016-12-29,1,0.00%,,,,
396,163821,中银沪深300等权重指数,ZYHS300DQZZS,-2.2942,,0,2017-04-05,1.482,1.482,2018-03-30,1.448,1.448,2012-05-17,1,0.12%,1,0.12%,1,1.20%
397,161715,招商大宗商品(LOF),ZSDZSPLOF,-2.5117,,0,2017-04-05,1.075,1.213,2018-03-30,1.048,1.186,2012-06-28,1,0.12%,1,0.12%,1,1.20%
398,005051,上投标普港股通低波红利指数A,STBPGGTDBHLZSA,-2.57,,0,2017-12-04,1,1,2018-03-30,0.9743,0.9743,2017-12-04,1,0.10%,1,0.10%,1,1.00%
399,003884,汇安沪深300指数增强A,HAHS300ZSZQA,-2.6560,,0,2017-04-05,1.0128,1.0128,2018-03-30,0.9859,0.9859,2017-01-25,1,0.12%,1,0.12%,1,1.20%
400,005052,上投标普港股通低波红利指数C,STBPGGTDBHLZSC,-2.66,,0,2017-12-04,1,1,2018-03-30,0.9734,0.9734,2017-12-04,1,0.00%,,,,
401,161028,富国中证新能源汽车指数(LOF)A,FGZZXNYQCZSLOFA,-2.7585,,0,2017-04-05,0.89,0.936,2018-03-30,0.84,0.911,2015-03-30,1,0.12%,1,0.12%,1,1.20%
402,002510,申万菱信中证500指数增强A,SWLXZZ500ZSZQA,-2.8391,,0,2017-04-05,1.0919,1.0919,2018-03-30,1.0609,1.0609,2016-04-21,1,0.12%,1,0.12%,1,1.20%
403,510380,国寿安保沪深300ETF,GSABHS300ETF,-2.8494,,0,2018-01-19,1.0002,1.0002,2018-03-30,0.9717,0.9717,2018-01-19,,,,,,
404,160223,国泰创业板指数(LOF),GTCYBZSLOF,-2.8505,,0,2017-04-05,0.9086,0.9086,2018-03-30,0.8827,0.8827,2016-11-11,1,0.12%,1,0.12%,1,1.20%
405,501305,汇添富中证港股通(LOF)A,HTFZZGGTLOFA,-3.02,,0,2017-11-24,1,1,2018-03-30,0.9698,0.9698,2017-11-24,1,0.10%,1,0.10%,1,1.00%
406,161033,富国中证智能汽车(LOF)A,FGZZZNQCLOFA,-3.0214,,0,2017-04-05,1.026,1.026,2018-03-30,0.995,0.995,2016-02-16,1,0.12%,1,0.12%,1,1.20%
407,159954,南方恒生中国企业ETF,NFHSZGQYETF,-3.04,,0,2018-02-08,1,1,2018-03-30,0.9696,0.9696,2018-02-08,,0.00%,,,,
408,501306,汇添富中证港股通(LOF)C,HTFZZGGTLOFC,-3.13,,0,2017-11-24,1,1,2018-03-30,0.9687,0.9687,2017-11-24,1,0.00%,,,,
409,003885,汇安沪深300指数增强C,HAHS300ZSZQC,-3.1401,,0,2017-04-05,1.0127,1.0127,2018-03-30,0.9809,0.9809,2017-01-25,1,0.00%,,,,
410,003646,创金合信中证1000指数增强A,CJHXZZ1000ZSZQA,-3.1754,,0,2017-04-05,1.0109,1.0109,2018-03-30,0.9788,0.9788,2016-12-22,1,0.15%,1,0.15%,1,1.50%
411,003647,创金合信中证1000指数增强C,CJHXZZ1000ZSZQC,-3.1770,,0,2017-04-05,1.0104,1.0104,2018-03-30,0.9783,0.9783,2016-12-22,1,0.00%,,,,
412,502000,西部利得中证500指数增强A,XBLDZZ500ZSZQA,-3.1881,,0,2017-04-05,1.038,0.636,2018-03-30,0.9805,0.6165,2015-04-15,1,0.10%,1,0.10%,1,1.00%
413,110026,易方达创业板ETF联接A,YFDCYBETFLJA,-3.2091,,0,2017-04-05,1.9943,1.9943,2018-03-30,1.9303,1.9303,2011-09-20,1,0.12%,1,0.12%,1,1.20%
414,000929,博时黄金D,BSHJD,-3.2109,,0,2017-04-05,2.831,1.2591,2018-03-30,2.7401,1.2213,2014-12-18,,0.05%,,,,
415,000088,嘉实中证金边国债ETF联接C,JSZZJBGZETFLJC,-3.2264,,0,2017-04-05,1.0817,1.0817,2018-03-30,1.0468,1.0468,2013-05-10,4,0.00%,,0.00%,0,0.00%
416,000087,嘉实中证金边国债ETF联接A,JSZZJBGZETFLJA,-3.2383,,0,2017-04-05,1.087,1.087,2018-03-30,1.0518,1.0518,2013-05-10,4,0.05%,1,0.05%,1,0.50%
417,005223,广发中证基建工程ETF联接A,GFZZJJGCETFLJA,-3.27,,0,2018-02-01,1,1,2018-03-30,0.9673,0.9673,2018-02-01,1,0.10%,1,0.10%,1,1.00%
418,005224,广发中证基建工程ETF联接C,GFZZJJGCETFLJC,-3.33,,0,2018-02-01,1,1,2018-03-30,0.9667,0.9667,2018-02-01,1,0.00%,,,,
419,159936,广发中证全指可选消费ETF,GFZZQZKXXFETF,-3.4111,,0,2017-04-05,1.6241,1.6241,2018-03-30,1.5687,1.5687,2014-06-03,,,,,,
420,001133,广发中证全指可选消费联接A,GFZZQZKXXFLJA,-3.4303,,0,2017-04-05,0.8425,0.8425,2018-03-30,0.8136,0.8136,2015-04-15,1,0.12%,1,0.12%,1,1.20%
421,001455,景顺长城中证500ETF联接,JSCCZZ500ETFLJ,-3.4689,,0,2017-04-05,0.836,0.836,2018-03-30,0.807,0.807,2015-06-29,1,0.12%,1,0.12%,1,1.20%
422,159935,景顺长城中证500ETF,JSCCZZ500ETF,-3.5689,,0,2017-04-05,1.6952,1.6952,2018-03-30,1.6347,1.6347,2013-12-26,,,,,,
423,003366,浙商汇金中证转型成长指数,ZSHJZZZXCZZS,-3.5783,,0,2017-04-05,1.034,1.034,2018-03-30,0.997,0.997,2016-12-19,1,0.15%,1,0.15%,1,1.50%
424,002610,博时黄金ETF联接A,BSHJETFLJA,-3.5941,,0,2017-04-05,0.9933,0.9933,2018-03-30,0.9576,0.9576,2016-05-27,1,0.06%,1,0.06%,1,0.60%
425,000478,建信中证500指数增强A,JXZZ500ZSZQA,-3.6246,,0,2017-04-05,2.4168,2.4168,2018-03-30,2.3292,2.3292,2014-01-27,1,0.15%,1,0.15%,1,1.50%
426,004253,国泰黄金ETF联接C,GTHJETFLJC,-3.627,,0,2017-05-02,1.0725,1.0725,2018-03-30,1.0336,1.0336,2017-05-02,1,0.00%,,,,
427,002977,广发中证全指可选消费联接C,GFZZQZKXXFLJC,-3.7317,,0,2017-04-05,0.8441,0.8441,2018-03-30,0.8126,0.8126,2016-07-06,1,0.00%,,,,
428,001592,天弘创业板ETF联接基金A,THCYBETFLJJJA,-3.7763,,0,2017-04-05,0.7706,0.7706,2018-03-30,0.7415,0.7415,2015-07-08,1,0.10%,1,0.10%,1,1.00%
429,159915,易方达创业板ETF,YFDCYBETF,-3.7809,,0,2017-04-05,1.862,2.1331,2018-03-30,1.7916,2.0524,2011-09-20,,0.05%,,,,
430,005152,农银沪深300指数C,NYHS300ZSC,-3.7987,,0,2018-03-21,1.3452,1,2018-03-30,1.2941,1.2941,2018-03-21,,0.00%,,,,
431,518880,华安黄金易ETF,HAHJYETF,-3.8032,,0,2017-04-05,2.8056,1.0594,2018-03-30,2.6989,1.0191,2013-07-18,,,,,,
432,159937,博时黄金ETF,BSHJETF,-3.8145,,0,2017-04-05,2.8077,1.1025,2018-03-30,2.7006,1.0604,2014-08-13,,,,,,
433,000307,易方达黄金ETF联接A,YFDHJETFLJA,-3.8285,,0,2017-04-05,1.003,1.003,2018-03-30,0.9646,0.9646,2016-05-26,1,0.07%,1,0.07%,1,0.70%
434,159934,易方达黄金ETF,YFDHJETF,-3.8477,,0,2017-04-05,2.7913,1.1372,2018-03-30,2.6839,1.0934,2013-11-29,,,,,,
435,000930,博时黄金I,BSHJI,-3.8746,0.0009,9,2017-04-05,2.8035,1.1696,2018-03-30,2.694,1.1245,2014-12-18,,,,,,
436,005554,南方H股联接A,NFHGLJA,-3.89,,0,2018-02-12,1,1,2018-03-30,0.9611,0.9611,2018-02-12,1,0.12%,1,0.12%,1,1.20%
437,518800,国泰黄金ETF,GTHJETF,-3.9269,,0,2017-04-05,2.7885,1.0548,2018-03-30,2.679,1.0134,2013-07-18,,,,,,
438,000218,国泰黄金ETF联接A,GTHJETFLJA,-3.9294,,0,2017-04-05,1.0714,1.0714,2018-03-30,1.0293,1.0293,2016-04-13,1,0.07%,1,0.07%,1,0.70%
439,002611,博时黄金ETF联接C,BSHJETFLJC,-3.9317,,0,2017-04-05,0.9894,0.9894,2018-03-30,0.9505,0.9505,2016-05-27,1,0.00%,,,,
440,005555,南方H股联接C,NFHGLJC,-3.94,,0,2018-02-12,1,1,2018-03-30,0.9606,0.9606,2018-02-12,1,0.00%,,,,
441,161022,富国创业板指数(LOF)A,FGCYBZSLOFA,-4.0055,,0,2017-04-05,0.873,1.658,2018-03-30,0.811,1.638,2013-09-12,1,0.12%,1,0.12%,1,1.20%
442,001593,天弘创业板ETF联接基金C,THCYBETFLJJJC,-4.0110,,0,2017-04-05,0.7654,0.7654,2018-03-30,0.7347,0.7347,2015-07-08,1,0.00%,,,,
443,512200,南方中证房地产ETF,NFZZFDCETF,-4.02,,0,2017-08-25,1,1,2018-03-30,0.9598,0.9598,2017-08-25,,,,,,
444,519677,银河定投宝腾讯济安指数,YHDTBTXJAZS,-4.0223,,0,2017-04-05,1.79,1.79,2018-03-30,1.718,1.718,2014-03-14,1,0.00%,,0.00%,0,0.00%
445,001214,华泰柏瑞中证500ETF联接A,HTBRZZ500ETFLJA,-4.0438,,0,2017-04-05,0.6578,0.6578,2018-03-30,0.6312,0.6312,2015-05-13,1,0.10%,1,0.10%,1,1.00%
446,004532,民生加银中证港股通指数A,MSJYZZGGTZSA,-4.06,,0,2017-06-02,1,1,2018-03-30,0.9594,0.9594,2017-06-02,6,0.12%,1,0.12%,1,1.20%
447,512510,华泰柏瑞中证500ETF,HTBRZZ500ETF,-4.0924,,0,2017-04-05,1.3244,0.6704,2018-03-30,1.2702,0.6434,2015-05-13,,0.05%,,,,
448,002963,易方达黄金ETF联接C,YFDHJETFLJC,-4.0976,,0,2017-04-05,1.0006,1.0006,2018-03-30,0.9596,0.9596,2016-07-01,1,0.00%,,,,
449,005735,MSCI中国A股国际通联接C,MSCIZGAGGJTLJC,-4.1667,,0,2018-03-08,1.1280,1,2018-03-30,1.081,1.081,2018-03-08,1,0.00%,,,,
450,202025,南方上证380ETF联接A,NFSZ380ETFLJA,-4.1933,,0,2017-04-05,1.5501,1.5501,2018-03-30,1.4851,1.4851,2011-09-20,1,0.12%,1,0.12%,1,1.20%
451,510290,南方上证380ETF,NFSZ380ETF,-4.2137,,0,2017-04-05,1.6375,1.6375,2018-03-30,1.5685,1.5685,2011-09-16,,,,,,
452,165511,中信保诚中证500指数(LOF)A,ZXBCZZ500ZSLOFA,-4.2303,,0,2017-04-05,1.305,1.822,2018-03-30,1.231,1.793,2011-02-11,1,0.12%,1,0.12%,1,1.20%
453,004533,民生加银中证港股通指数C,MSJYZZGGTZSC,-4.27,,0,2017-06-02,1,1,2018-03-30,0.9573,0.9573,2017-06-02,6,0.00%,,,,
454,000216,华安黄金易ETF联接A,HAHJYETFLJA,-4.3046,,0,2017-04-05,1.0454,1.0454,2018-03-30,1.0004,1.0004,2013-08-22,1,0.06%,1,0.06%,1,0.60%
455,160616,鹏华中证500指数(LOF)A,PHZZ500ZSLOFA,-4.4053,,0,2017-04-05,1.362,1.362,2018-03-30,1.302,1.302,2010-02-05,1,0.12%,1,0.12%,1,1.20%
456,168203,中融国证钢铁行业指数(LOF),ZRGZGTHYZSLOF,-4.4429,,0,2017-04-05,0.885,0.545,2018-03-30,0.82,0.523,2015-06-19,1,0.00%,,,,
457,510810,汇添富中证上海国企ETF,HTFZZSHGQETF,-4.5125,0.03,2,2017-04-05,1.0005,1.0005,2018-03-30,0.9277,0.9577,2016-07-28,,,,,,
458,000217,华安黄金易ETF联接C,HAHJYETFLJC,-4.5520,,0,2017-04-05,1.0413,1.0413,2018-03-30,0.9939,0.9939,2013-08-22,1,0.00%,,,,
459,001027,前海开源中证大农业指数增强A,QHKYZZDNYZSZQA,-4.5743,,0,2017-04-05,0.787,0.787,2018-03-30,0.751,0.751,2015-02-13,1,0.12%,1,0.12%,1,1.20%
460,160643,鹏华空天军工指数(LOF)A,PHKTJGZSLOFA,-4.58,,0,2017-06-13,1,1,2018-03-30,0.9542,0.9542,2017-06-13,1,0.12%,1,0.12%,1,1.20%
461,003194,汇添富中证上海国企ETF联接,HTFZZSHGQETFLJ,-4.5978,,0,2017-04-05,0.9809,0.9809,2018-03-30,0.9358,0.9358,2016-09-18,1,0.12%,1,0.12%,1,1.20%
462,159945,广发中证全指能源ETF,GFZZQZNYETF,-4.6238,,0,2017-04-05,0.7483,0.7483,2018-03-30,0.7137,0.7137,2015-06-25,,,,,,
463,001241,国寿安保中证500ETF联接,GSABZZ500ETFLJ,-4.6882,,0,2017-04-05,0.6079,0.6079,2018-03-30,0.5794,0.5794,2015-05-29,1,0.12%,1,0.12%,1,1.20%
464,510560,国寿安保中证500ETF,GSABZZ500ETF,-4.7360,,0,2017-04-05,1.3598,0.6296,2018-03-30,1.2954,0.5998,2015-05-29,,,,,,
465,161031,富国中证工业4.0指数(LOF)A,FGZZGY40ZSLOFA,-4.8953,,0,2017-04-05,0.944,0.564,2018-03-30,0.876,0.538,2015-06-15,1,0.12%,1,0.12%,1,1.20%
466,502013,长盛中证申万一带一路指数(LOF),CSZZSWYDYLZSLOF,-4.9482,,0,2017-04-05,0.87,,2018-03-30,0.804,,2015-05-29,1,0.12%,1,0.12%,1,1.20%
467,001052,华夏中证500ETF联接A,HXZZ500ETFLJA,-4.9491,,0,2017-04-05,0.687,0.687,2018-03-30,0.653,0.653,2015-05-05,1,0.12%,1,0.12%,1,1.20%
468,005691,南方中证100指数C,NFZZ100ZSC,-5.0416,,0,2018-03-09,1.1167,1,2018-03-30,1.0604,1.5334,2018-03-09,1,0.00%,,,,
469,519117,浦银安盛基本面400指数,PYASJBM400ZS,-5.1422,,0,2017-04-05,1.653,1.653,2018-03-30,1.568,1.568,2012-05-14,1,0.12%,1,0.12%,1,1.20%
470,000962,天弘中证500ETF联接A,THZZ500ETFLJA,-5.1608,,0,2017-04-05,1.0541,1.0541,2018-03-30,0.9997,0.9997,2015-01-20,1,0.10%,1,0.10%,1,1.00%
471,005659,南方恒指ETF联接C,NFHZETFLJC,-5.2827,,0,2018-03-09,1.1055,1,2018-03-30,1.0471,1.0471,2018-03-09,1,0.00%,,,,
472,512500,华夏中证500ETF,HXZZ500ETF,-5.3157,,0,2017-04-05,3.1548,0.6906,2018-03-30,2.9871,0.6539,2015-05-05,,0.05%,,,,
473,160637,鹏华创业板指数(LOF),PHCYBZSLOF,-5.3399,,0,2017-04-05,0.905,0.587,2018-03-30,0.833,0.556,2015-06-09,1,0.12%,1,0.12%,1,1.20%
474,159922,嘉实中证500ETF,JSZZ500ETF,-5.3721,,0,2017-04-05,6.6362,1.8607,2018-03-30,6.2797,1.7607,2013-02-06,,,,,,
475,000826,广发百发100指数A,GFBF100ZSA,-5.3946,,0,2017-04-05,1.001,1.361,2018-03-30,0.947,1.307,2014-10-30,1,0.12%,1,0.12%,1,1.20%
476,000827,广发百发100指数E,GFBF100ZSE,-5.4108,,0,2017-04-05,0.998,1.358,2018-03-30,0.944,1.304,2014-10-30,1,0.06%,1,0.06%,1,0.60%
477,000008,嘉实中证500ETF联接A,JSZZ500ETFLJA,-5.5318,,0,2017-04-05,1.7806,1.7806,2018-03-30,1.6821,1.6821,2013-03-22,1,0.12%,1,0.12%,1,1.20%
478,160119,南方中证500ETF联接A,NFZZ500ETFLJA,-5.6332,,0,2017-04-05,1.5959,1.6959,2018-03-30,1.506,1.606,2009-09-25,1,0.12%,1,0.12%,1,1.20%
479,510510,广发中证500ETF,GFZZ500ETF,-5.6474,,0,2017-04-05,1.8026,1.8026,2018-03-30,1.7008,1.7008,2013-04-11,,,,,,
480,162510,国联安中小综指(LOF),GLAZXZZLOF,-5.6482,,0,2017-04-05,1.08,1.868,2018-03-30,1.019,1.807,2012-03-23,1,0.12%,1,0.12%,1,1.20%
481,162711,广发中证500ETF联接A,GFZZ500ETFLJA,-5.7470,,0,2017-04-05,1.3729,1.3729,2018-03-30,1.294,1.294,2009-11-26,1,0.12%,1,0.12%,1,1.20%
482,004348,南方中证500ETF联接C,NFZZ500ETFLJC,-5.7665,,0,2017-04-05,1.5989,1.6989,2018-03-30,1.5067,1.6067,2017-02-23,1,0.00%,,,,
483,004855,广发中证全指汽车指数C,GFZZQZQCZSC,-6,,0,2017-07-31,1,1,2018-03-30,0.94,0.94,2017-07-31,1,0.00%,,,,
484,510500,南方中证500ETF,NFZZ500ETF,-6.0405,,0,2017-04-05,6.8471,1.9194,2018-03-30,6.4335,1.8035,2013-02-06,,,,,,
485,002903,广发中证500ETF联接C,GFZZ500ETFLJC,-6.0502,,0,2017-04-05,1.1041,1.1041,2018-03-30,1.0373,1.0373,2016-06-15,1,0.00%,,,,
486,004854,广发中证全指汽车指数A,GFZZQZQCZSA,-6.06,,0,2017-07-31,1,1,2018-03-30,0.9394,0.9394,2017-07-31,1,0.10%,1,0.10%,1,1.00%
487,162907,泰信中证锐联基本面400指数(LOF),TXZZRLJBM400ZSLOF,-6.0981,,0,2017-04-05,0.775,1.741,2018-03-30,0.704,1.648,2012-09-07,1,0.12%,1,0.12%,1,1.20%
488,164809,工银中证500ETF联接A,GYZZ500ETFLJA,-6.1169,,0,2017-04-05,1.3448,1.4674,2018-03-30,1.2431,1.3857,2012-01-31,1,0.10%,1,0.10%,1,1.00%
489,005733,华夏上证50ETF联接C,HXSZ50ETFLJC,-6.1475,,0,2018-03-08,0.9760,1,2018-03-30,0.916,0.916,2018-03-08,1,0.00%,,,,
490,512560,易方达中证军工ETF,YFDZZJGETF,-6.3281,,0,2017-07-14,1.0003,1.0003,2018-03-30,0.937,0.937,2017-07-14,,,,,,
491,510580,易方达中证500ETF,YFDZZ500ETF,-6.5080,,0,2017-04-05,6.7179,1.0352,2018-03-30,6.2807,0.9678,2015-08-27,,,,,,
492,501036,汇添富中证500A,HTFZZ500A,-6.53,,0,2017-08-10,1,1,2018-03-30,0.9347,0.9347,2017-08-10,1,0.08%,1,0.08%,1,0.80%
493,161032,富国中证煤炭指数(LOF)A,FGZZMTZSLOFA,-6.5750,,0,2017-04-05,1.174,0.719,2018-03-30,1.068,0.672,2015-06-19,1,0.00%,,,,
494,159930,汇添富中证能源ETF,HTFZZNYETF,-6.6177,,0,2017-04-05,0.8417,0.8417,2018-03-30,0.786,0.786,2013-08-23,,0.05%,,,,
495,501037,汇添富中证500C,HTFZZ500C,-6.62,,0,2017-08-10,1,1,2018-03-30,0.9338,0.9338,2017-08-10,1,0.00%,,,,
496,001351,诺安中证500指数增强A,NAZZ500ZSZQA,-6.7086,,0,2017-04-05,0.8899,0.8899,2018-03-30,0.8302,0.8302,2015-06-09,1,0.12%,1,0.12%,1,1.20%
497,510390,平安沪深300ETF,PAHS300ETF,-6.7578,,0,2017-12-25,1.0001,1.0001,2018-03-30,3.8968,0.9325,2017-12-25,,,,,,
498,004996,广发恒生中型股指数C,GFHSZXGZSC,-6.85,,0,2017-09-21,1,1,2018-03-30,0.9315,0.9315,2017-09-21,1,0.00%,,,,
499,161613,融通创业板指数A,RTCYBZSA,-6.8966,,0,2017-04-05,0.957,2.217,2018-03-30,0.891,2.151,2012-04-06,1,0.12%,1,0.12%,1,1.20%
500,501303,广发恒生中型股指数A,GFHSZXGZSA,-7.01,,0,2017-09-21,1,1,2018-03-30,0.9299,0.9299,2017-09-21,1,0.12%,1,0.12%,1,1.20%
501,005229,嘉实富时中国A50ETF联接C,JSFSZGA50ETFLJC,-7.0714,,0,2018-02-05,1.0196,1,2018-03-30,0.9475,0.9475,2018-02-05,1,0.00%,,,,
502,164905,交银国证新能源指数(LOF)A,JYGZXNYZSLOFA,-7.1013,,0,2017-04-05,0.84,0.886,2018-03-30,0.759,0.823,2015-03-26,1,0.12%,1,0.12%,1,1.20%
503,660011,农银中证500指数,NYZZ500ZS,-7.1459,,0,2017-04-05,1.6555,1.6555,2018-03-30,1.5372,1.5372,2011-11-29,1,0.15%,1,0.15%,1,1.50%
504,159932,大成中证500深市ETF,DCZZ500SSETF,-7.1961,,0,2017-04-05,1.876,1.589,2018-03-30,1.741,1.475,2013-09-12,,,,,,
505,005113,平安沪深300指数量化A,PAHS300ZSLHA,-7.28,,0,2017-12-26,1,1,2018-03-30,0.9272,0.9272,2017-12-26,1,0.12%,1,0.12%,1,1.20%
506,160634,鹏华中证环保产业指数(LOF),PHZZHBCYZSLOF,-7.3034,,0,2017-04-05,1.163,0.797,2018-03-30,1.058,0.742,2015-06-16,1,0.12%,1,0.12%,1,1.20%
507,005114,平安沪深300指数量化C,PAHS300ZSLHC,-7.42,,0,2017-12-26,1,1,2018-03-30,0.9258,0.9258,2017-12-26,1,0.00%,,,,
508,004195,招商中证1000指数增强C,ZSZZ1000ZSZQC,-7.7184,,0,2017-04-05,1.0028,1.0028,2018-03-30,0.9254,0.9254,2017-03-03,1,0.00%,,,,
509,202211,南方中证100指数A,NFZZ100ZSA,-7.7625,0.037,1,2017-04-05,1.187,1.624,2018-03-30,1.0605,1.5335,2008-11-12,1,0.12%,1,0.12%,1,1.20%
510,165524,信诚中证智能家居指数(LOF)A,XCZZZNJJZSLOFA,-8.1533,,0,2017-04-05,0.928,,2018-03-30,0.83,,2015-06-26,1,0.10%,1,0.10%,1,1.00%
511,510440,大成中证500沪市ETF,DCZZ500HSETF,-8.1728,,0,2017-04-05,1.921,1.921,2018-03-30,1.764,1.764,2012-08-24,,,,,,
512,159949,华安创业板50ETF,HACYB50ETF,-8.1849,,0,2017-04-05,0.7917,0.7917,2018-03-30,0.7269,0.7269,2016-06-30,,,,,,
513,001113,南方大数据100A,NFDSJ100A,-8.1867,,0,2017-04-05,0.8978,0.8978,2018-03-30,0.8243,0.8243,2015-04-24,1,0.12%,1,0.12%,1,1.20%
514,163209,诺安创业板指数增强(LOF)A,NACYBZSZQLOFA,-8.3881,,0,2017-04-05,1.165,1.727,2018-03-30,1.048,1.677,2012-03-29,1,0.12%,1,0.12%,1,1.20%
515,005658,华夏沪深300ETF联接C,HXHS300ETFLJC,-8.4425,,0,2018-02-02,1.3740,1,2018-03-30,1.258,1.258,2018-02-02,1,0.00%,,,,
516,510800,建信上证50ETF,JXSZ50ETF,-8.4575,,0,2017-12-22,1.0003,1.0003,2018-03-30,0.9157,0.9157,2017-12-22,,,,,,
517,004344,南方大数据100C,NFDSJ100C,-8.4894,,0,2017-04-05,0.8976,0.8976,2018-03-30,0.8214,0.8214,2017-02-23,1,0.00%,,,,
518,004194,招商中证1000指数增强A,ZSZZ1000ZSZQA,-8.7751,,0,2017-04-05,1.0074,1.0074,2018-03-30,0.919,0.919,2017-03-03,1,0.12%,1,0.12%,1,1.20%
519,163114,申万菱信中证环保产业指数(LOF)A,SWLXZZHBCYZSLOFA,-8.9209,,0,2017-04-05,0.9919,1.6481,2018-03-30,0.881,1.5597,2014-05-30,1,0.12%,1,0.12%,1,1.20%
520,001064,广发中证环保ETF联接A,GFZZHBETFLJA,-8.9584,,0,2017-04-05,0.7959,0.7959,2018-03-30,0.7246,0.7246,2015-03-25,1,0.12%,1,0.12%,1,1.20%
521,512580,广发中证环保ETF,GFZZHBETF,-9.0149,,0,2017-04-05,1.0405,1.0405,2018-03-30,0.9467,0.9467,2017-01-25,,,,,,
522,161724,招商中证煤炭等权指数(LOF)A,ZSZZMTDQZSLOFA,-9.0892,,0,2017-04-05,1.154,0.79,2018-03-30,1.028,0.721,2015-05-20,1,0.10%,1,0.10%,1,1.00%
523,002984,广发中证环保ETF联接C,GFZZHBETFLJC,-9.2523,,0,2017-04-05,0.7944,0.7944,2018-03-30,0.7209,0.7209,2016-07-06,1,0.00%,,,,
524,590007,中邮中证500指数增强A,ZYZZ500ZSZQA,-10.1944,0.45,1,2017-04-05,1.706,1.766,2018-03-30,1.089,1.599,2011-11-22,1,0.15%,1,0.15%,1,1.50%
525,501016,国泰中证申万证券行业指数,GTZZSWZQHYZS,-10.33,,0,2017-04-27,1,1,2018-03-30,0.8967,0.8967,2017-04-27,1,0.12%,1,0.12%,1,1.20%
526,512400,南方中证申万有色金属ETF,NFZZSWYSJSETF,-10.37,,0,2017-08-03,1,1,2018-03-30,0.8963,0.8963,2017-08-03,,,,,,
527,168204,中融中证煤炭指数(LOF),ZRZZMTZSLOF,-10.3782,,0,2017-04-05,0.791,0.833,2018-03-30,0.683,0.753,2015-06-25,1,0.00%,,,,
528,004432,南方有色金属ETF联接A,NFYSJSETFLJA,-10.7,,0,2017-09-08,1,1,2018-03-30,0.893,0.893,2017-09-08,1,0.12%,1,0.12%,1,1.20%
529,004433,南方有色金属ETF联接C,NFYSJSETFLJC,-10.89,,0,2017-09-08,1,1,2018-03-30,0.8911,0.8911,2017-09-08,1,0.00%,,,,
530,501048,汇添富中证全指证券公司指数C,HTFZZQZZQGSZSC,-10.96,,0,2017-12-04,1,1,2018-03-30,0.8904,0.8904,2017-12-04,1,0.00%,,,,
531,501047,汇添富中证全指证券公司指数A,HTFZZQZZQGSZSA,-10.96,,0,2017-12-04,1,1,2018-03-30,0.8904,0.8904,2017-12-04,1,0.08%,1,0.08%,1,0.80%
532,164304,新华中证环保产业指数,XHZZHBCYZS,-11.0833,,0,2017-04-05,1.158,1.249,2018-03-30,1.004,1.11,2014-09-11,1,0.10%,1,0.10%,1,1.00%
533,159918,嘉实中创400ETF,JSZC400ETF,-11.9722,,0,2017-04-05,2.013,2.013,2018-03-30,1.772,1.772,2012-03-22,,,,,,
534,070030,嘉实中创400ETF联接A,JSZC400ETFLJA,-12.2461,,0,2017-04-05,1.9002,1.9002,2018-03-30,1.6675,1.6675,2012-03-22,1,0.12%,1,0.12%,1,1.20%
535,502010,易方达中证全指证券公司指数(LOF)A,YFDZZQZZQGSZSLOFA,-12.3015,,0,2017-04-05,1.1544,,2018-03-30,0.9924,,2015-07-08,1,0.10%,1,0.10%,1,1.00%
536,004069,南方中证全指证券公司ETF联接A,NFZZQZZQGSETFLJA,-12.7939,,0,2017-04-05,1.0036,1.0036,2018-03-30,0.8752,0.8752,2017-03-08,1,0.12%,1,0.12%,1,1.20%
537,160638,鹏华中证一带一路主题指数(LOF),PHZZYDYLZTZSLOF,-13.0776,,0,2017-04-05,0.887,0.587,2018-03-30,0.751,0.514,2015-05-18,1,0.12%,1,0.12%,1,1.20%
538,167503,安信中证一带一路主题指数,AXZZYDYLZTZS,-13.1673,,0,2017-04-05,0.85,0.521,2018-03-30,0.717,0.411,2015-05-14,1,0.05%,1,0.05%,1,0.50%
539,004070,南方中证全指证券公司ETF联接C,NFZZQZZQGSETFLJC,-13.1912,,0,2017-04-05,1.0037,1.0037,2018-03-30,0.8713,0.8713,2017-03-08,1,0.00%,,,,
540,161718,招商沪深300高贝塔,ZSHS300GBT,-13.2767,,0,2017-04-05,0.762,1.358,2018-03-30,1.015,1.258,2013-08-01,1,0.10%,1,0.10%,1,1.00%
541,512000,华宝券商ETF,HBQSETF,-13.4702,,0,2017-04-05,0.974,0.974,2018-03-30,0.8428,0.8428,2016-08-30,,,,,,
542,512880,国泰中证全指证券公司ETF,GTZZQZZQGSETF,-13.8152,,0,2017-04-05,1.0322,1.0322,2018-03-30,0.8896,0.8896,2016-07-26,,,,,,
543,160633,鹏华券商A,PHQSA,-14.0552,,0,2017-04-05,0.942,0.601,2018-03-30,0.79,0.522,2015-05-06,1,0.12%,1,0.12%,1,1.20%
544,002236,大成360互联网+大数据100A,DC360HLWDSJ100A,-14.1930,,0,2017-04-05,1.233,1.233,2018-03-30,1.058,1.058,2016-02-03,1,0.12%,1,0.12%,1,1.20%
545,512900,南方中证全指证券公司ETF,NFZZQZZQGSETF,-14.2800,,0,2017-04-05,0.993,0.993,2018-03-30,0.8512,0.8512,2017-03-10,,,,,,
546,161027,富国中证全指证券公司指数(LOF)A,FGZZQZZQGSZSLOFA,-14.4676,,0,2017-04-05,1.006,0.596,2018-03-30,0.833,0.514,2015-03-27,1,0.12%,1,0.12%,1,1.20%
547,161036,富国中证娱乐主题指数增强(LOF)A,FGZZYLZTZSZQLOFA,-14.5453,,0,2017-04-05,1.0017,1.0017,2018-03-30,0.856,0.856,2017-03-13,1,0.12%,1,0.12%,1,1.20%
548,003359,大成360互联网+大数据100C,DC360HLWDSJ100C,-14.7608,,0,2017-04-05,1.233,1.233,2018-03-30,1.051,1.051,2017-01-18,1,0.00%,,,,
549,502053,长盛中证全指证券指数(LOF),CSZZQZZQZSLOF,-14.9526,,0,2017-04-05,0.979,0.979,2018-03-30,0.811,,2015-08-13,1,0.12%,1,0.12%,1,1.20%
550,163113,申万菱信中证申万证券行业指数(LOF)A,SWLXZZSWZQHYZSLOFA,-15.2922,,0,2017-04-05,1.061,1.7868,2018-03-30,0.8769,1.6252,2014-03-13,1,0.12%,1,0.12%,1,1.20%
551,161720,招商中证全指证券公司指数(LOF)A,ZSZZQZZQGSZSLOFA,-15.5380,,0,2017-04-05,0.737,0.736,2018-03-30,1.013,0.671,2014-11-13,1,0.10%,1,0.10%,1,1.00%
552,160419,华安中证全指证券公司指数A,HAZZQZZQGSZSA,-15.5960,,0,2017-04-05,1.0495,0.6549,2018-03-30,0.8609,0.5528,2015-06-09,1,0.12%,1,0.12%,1,1.20%
553,512570,易方达中证全指证券公司ETF,YFDZZQZZQGSETF,-15.7,,0,2017-07-27,1,1,2018-03-30,0.843,0.843,2017-07-27,,,,,,
554,160629,鹏华中证传媒指数(LOF),PHZZCMZSLOF,-16.3828,,0,2017-04-05,1.003,1.333,2018-03-30,0.816,1.264,2014-12-11,1,0.12%,1,0.12%,1,1.20%
555,512100,南方中证1000ETF,NFZZ1000ETF,-17.0310,,0,2017-04-05,0.9653,0.9653,2018-03-30,0.8009,0.8009,2016-09-29,,,,,,
556,161123,易方达中证万得并购重组(LOF),YFDZZWDBGCZLOF,-18.1626,,0,2017-04-05,0.9519,,2018-03-30,0.7578,,2015-06-03,1,0.10%,1,0.10%,1,1.00%
557,501031,汇添富中证环境治理指数C,HTFZZHJZLZSC,-18.7172,,0,2017-04-05,1.0274,1.0274,2018-03-30,0.8351,0.8351,2016-12-29,1,0.00%,,,,
558,501030,汇添富中证环境治理指数A,HTFZZHJZLZSA,-18.9258,,0,2017-04-05,1.0277,1.0277,2018-03-30,0.8332,0.8332,2016-12-29,1,0.12%,1,0.12%,1,1.20%
559,003017,广发中证军工ETF联接A,GFZZJGETFLJA,-19.0500,,0,2017-04-05,1.0126,1.0126,2018-03-30,0.8197,0.8197,2016-09-26,1,0.12%,1,0.12%,1,1.20%
560,162413,华宝中证1000指数,HBZZ1000ZS,-19.2748,,0,2017-04-05,0.8282,0.5053,2018-03-30,1.0412,0.4133,2015-06-04,1,0.10%,1,0.10%,1,1.00%
561,000596,前海开源中证军工指数A,QHKYZZJGZSA,-19.3914,,0,2017-04-05,1.676,1.676,2018-03-30,1.351,1.351,2014-05-27,1,0.12%,1,0.12%,1,1.20%
562,002199,前海开源中证军工指数C,QHKYZZJGZSC,-19.5122,,0,2017-04-05,0.861,1.821,2018-03-30,0.693,1.653,2015-11-30,1,0.00%,,0.00%,0,1.20%
563,512680,广发中证军工ETF,GFZZJGETF,-19.6368,,0,2017-04-05,1.0241,1.0241,2018-03-30,0.823,0.823,2016-08-30,,0.05%,,,,
564,161628,融通中证云计算与大数据主题指数(LOF),RTZZYJSYDSJZTZSLOF,-19.8144,,0,2017-04-05,0.81,0.851,2018-03-30,0.987,0.691,2015-07-01,1,0.12%,1,0.12%,1,1.20%
565,512660,国泰中证军工ETF,GTZZJGETF,-19.8184,,0,2017-04-05,1.0571,1.0571,2018-03-30,0.8476,0.8476,2016-07-26,,,,,,
566,512810,华宝中证军工ETF,HBZZJGETF,-19.8431,,0,2017-04-05,1.0069,1.0069,2018-03-30,0.8071,0.8071,2016-08-05,,,,,,
567,160135,南方中证高铁产业指数(LOF),NFZZGTCYZSLOF,-20.0534,,0,2017-04-05,1.1356,0.6678,2018-03-30,0.8838,0.5339,2015-06-10,1,0.06%,1,0.06%,1,0.60%
568,502003,易方达中证军工(LOF)A,YFDZZJGLOFA,-20.4308,,0,2017-04-05,1.1411,,2018-03-30,0.8871,,2015-07-08,1,0.10%,1,0.10%,1,1.00%
569,164402,前海开源中航军工指数A,QHKYZHJGZSA,-20.6399,,0,2017-04-05,0.918,0.979,2018-03-30,1.18,0.789,2015-03-30,1,0.12%,1,0.12%,1,1.20%
570,164908,交银中证环境治理(LOF)A,JYZZHJZLLOFA,-20.7640,,0,2017-04-05,1.021,1.021,2018-03-30,0.809,0.809,2015-08-13,1,0.12%,1,0.12%,1,1.20%
571,163115,申万菱信中证军工指数(LOF),SWLXZZJGZSLOF,-20.8780,,0,2017-04-05,0.9604,1.663,2018-03-30,1.1741,1.5281,2014-07-24,1,0.10%,1,0.10%,1,1.00%
572,160639,鹏华中证高铁产业指数(LOF),PHZZGTCYZSLOF,-21.0792,,0,2017-04-05,0.85,0.521,2018-03-30,1.021,0.416,2015-05-27,1,0.12%,1,0.12%,1,1.20%
573,161024,富国中证军工指数(LOF)A,FGZZJGZSLOFA,-21.5309,,0,2017-04-05,1.084,1.786,2018-03-30,0.829,1.638,2014-04-04,1,0.12%,1,0.12%,1,1.20%
574,164818,工银中证传媒指数(LOF)A,GYZZCMZSLOFA,-21.9617,,0,2017-04-05,0.6745,0.4338,2018-03-30,0.8159,0.3442,2015-05-21,1,0.10%,1,0.10%,1,1.00%
575,160420,华安创业板50指数A,HACYB50ZSA,-22.1983,,0,2017-04-05,0.7029,0.4425,2018-03-30,0.8437,0.3443,2015-07-06,1,0.12%,1,0.12%,1,1.20%
576,160630,鹏华国防A,PHGFA,-22.2788,,0,2017-04-05,0.74,1.256,2018-03-30,0.904,1.162,2014-11-13,1,0.12%,1,0.12%,1,1.20%
577,165525,信诚中证基建工程指数(LOF)A,XCZZJJGCZSLOFA,-22.9483,,0,2017-04-05,1.316,1.324,2018-03-30,1.014,,2015-08-06,1,0.10%,1,0.10%,1,1.00%
578,161030,富国中证体育产业指数(LOF)A,FGZZTYCYZSLOFA,-28.1147,,0,2017-04-05,0.743,0.777,2018-03-30,0.858,0.569,2015-06-25,1,0.12%,1,0.12%,1,1.20%
579,000948,华夏沪港通恒生ETF联接A,HXHGTHSETFLJA,,,0,,,,,,,2015-01-13,1,0.12%,1,0.12%,1,1.20%
580,513660,华夏沪港通恒生ETF,HXHGTHSETF,,,0,,,,,,,2014-12-23,,,,,,
581,004409,招商深证TMT50ETF联接C,ZSSZTMT50ETFLJC,,,0,,,,,,,2017-02-23,1,0.00%,,,,
582,501050,华夏上证50AH优选指数A,HXSZ50AHYXZSA,,,0,,,,,,,2016-10-27,1,0.15%,1,0.15%,1,1.50%
583,003957,安信量化精选沪深300增强A,AXLHJXHS300ZQA,,,0,,,,,,,2017-03-16,1,0.08%,1,0.08%,1,0.80%
584,673100,西部利得沪深300指数增强A,XBLDHS300ZSZQA,,0.12,1,,,,,,,2017-03-21,1,0.08%,1,0.08%,1,0.80%
585,004408,招商深证100指数C,ZSSZ100ZSC,,,0,,,,,,,2017-03-01,1,0.00%,,,,
586,004407,招商上证消费80ETF联接C,ZSSZXF80ETFLJC,,,0,,,,,,,2017-03-01,1,0.00%,,,,
587,003958,安信量化精选沪深300增强C,AXLHJXHS300ZQC,,,0,,,,,,,2017-03-16,1,0.00%,,,,
588,004410,招商央视财经50指数C,ZSYSCJ50ZSC,,,0,,,,,,,2017-02-23,1,0.00%,,,,
589,501019,国泰国证航天军工指数,GTGZHTJGZS,,,0,,,,,,,2017-03-29,1,0.12%,1,0.12%,1,1.20%
590,501025,鹏华香港银行指数(LOF)A,PHXGYHZSLOFA,,0.05,1,,,,,,,2016-11-10,1,0.12%,1,0.12%,1,1.20%
591,005737,博时上证50ETF联接C,BSSZ50ETFLJC,,,0,,,,,,,2018-03-21,1,0.00%,,,,
592,005734,华夏沪港通恒生ETF联接C,HXHGTHSETFLJC,,,0,,,,,,,2018-03-08,1,0.00%,,,,
593,005795,博时中证500指数增强C,BSZZ500ZSZQC,,,0,,,,,,,2018-03-31,1,0.00%,,,,
