,基金代码,基金简称,基金条码,涨幅,期间分红,分红次数,起始日期,单位净值,累计净值,终止日期,单位净值,累计净值,成立日期,无用1,无用1.5,无用2,手续费,无用3,无用4
0,161725,招商中证白酒指数(LOF)A,ZSZZBJZSLOFA,44.8311,,0,2016/4/1,0.813,0.828,2017/3/31,1.151,1.188,2015/5/27,1,0.10%,1,0.10%,1,1.00%
1,110022,易方达消费行业股票,YFDXFHYGP,37.9107,,0,2016/4/1,1.187,1.187,2017/3/31,1.637,1.637,2010/8/20,1,0.15%,1,0.15%,1,1.50%
2,519606,国泰金鑫股票,GTJXGP,37.0968,,0,2016/4/1,1.116,1.212,2017/3/31,1.53,1.661,2014/9/15,1,0.15%,1,0.15%,1,1.50%
3,1878,嘉实沪港深精选股票,JSHGSJXGP,34.8,,0,2016/5/27,1,1,2017/3/31,1.348,1.348,2016/5/27,1,0.15%,1,0.15%,1,1.50%
4,577,安信价值精选股票,AXJZJXGP,34.3411,,0,2016/4/1,1.753,1.753,2017/3/31,2.355,2.355,2014/4/21,1,0.15%,1,0.15%,1,1.50%
5,160632,鹏华酒A,PHJA,34.3128,,0,2016/4/1,0.775,0.791,2017/3/31,1.016,1.055,2015/4/29,1,0.12%,1,0.12%,1,1.20%
6,160127,南方新兴消费增长股票(LOF)A,NFXXXFZZGPLOFA,34.1528,,0,2016/4/1,1.096,1.519,2017/3/31,1.005,2.038,2012/3/13,1,0.15%,1,0.15%,1,1.50%
7,974,安信消费医药股票,AXXFYYGP,31.8795,,0,2016/4/1,0.963,0.963,2017/3/31,1.27,1.27,2015/3/19,1,0.15%,1,0.15%,1,1.50%
8,1542,国泰互联网+股票,GTHLWGP,31.4679,,0,2016/4/1,1.09,1.09,2017/3/31,1.433,1.433,2015/8/4,1,0.15%,1,0.15%,1,1.50%
9,1938,中欧时代先锋股票A,ZOSDXFGPA,30.978,0.186,4,2016/4/1,1.002,1.082,2017/3/31,1.1108,1.3768,2015/11/3,1,0.15%,1,0.15%,1,1.50%
10,457,上投摩根核心成长股票A,STMGHXCZGPA,30.7992,,0,2016/4/1,1.539,1.539,2017/3/31,2.013,2.013,2014/2/10,1,0.15%,1,0.15%,1,1.50%
11,1975,景顺长城环保优势股票,JSCCHBYSGP,29.7,,0,2016/4/1,1,1,2017/3/31,1.297,1.297,2016/3/15,1,0.15%,1,0.15%,1,1.50%
12,628,大成高新技术产业股票A,DCGXJSCYGPA,27.5654,,0,2016/4/1,0.994,0.994,2017/3/31,1.268,1.268,2015/2/3,1,0.15%,1,0.15%,1,1.50%
13,160222,国泰国证食品饮料行业(LOF)A,GTGZSPYLHYLOFA,27.447,,0,2016/4/1,0.7563,1.3501,2017/3/31,0.9338,1.5551,2014/10/23,1,0.00%,,,,
14,519714,交银消费新驱动股票,JYXFXQDGP,27.2301,,0,2016/4/1,0.852,1.708,2017/3/31,1.084,2.162,2012/11/7,1,0.15%,1,0.15%,1,1.50%
15,1645,国泰大健康股票A,GTDJKGPA,27.0891,,0,2016/4/1,1.089,1.089,2017/3/31,1.384,1.384,2016/2/3,1,0.15%,1,0.15%,1,1.50%
16,1178,前海开源再融资股票,QHKYZRZGP,26.6172,,0,2016/4/1,0.943,0.943,2017/3/31,1.194,1.194,2015/5/18,1,0.15%,1,0.15%,1,1.50%
17,1410,信达澳银新能源产业股票,XDAYXNYCYGP,26.4454,,0,2016/4/1,0.934,0.934,2017/3/31,1.181,1.181,2015/7/31,1,0.15%,1,0.15%,1,1.50%
18,309,大摩品质生活精选股票,DMPZSHJXGP,26.224,,0,2016/4/1,1.491,1.491,2017/3/31,1.882,1.882,2013/10/29,1,0.15%,1,0.15%,1,1.50%
19,1473,建信大安全战略精选股票,JXDAQZLJXGP,25.3599,,0,2016/4/1,0.9724,0.9724,2017/3/31,1.219,1.219,2015/7/29,1,0.15%,1,0.15%,1,1.50%
20,540006,汇丰晋信大盘股票A,HFJXDPGPA,24.9726,,0,2016/4/1,2.1928,2.2528,2017/3/31,2.7404,2.8004,2009/6/24,1,0.15%,1,0.15%,1,1.50%
21,512010,易方达沪深300医药ETF,YFDHS300YYETF,24.7748,,0,2016/4/1,1.1435,1.1435,2017/3/31,1.4268,1.4268,2013/9/23,,0.05%,,,,
22,1626,国泰央企改革股票,GTYQGGGP,24.5434,,0,2016/4/1,0.876,0.876,2017/3/31,1.091,1.091,2015/9/1,1,0.15%,1,0.15%,1,1.50%
23,1397,建信精工制造指数增强,JXJGZZZSZQ,24.2313,,0,2016/4/1,0.8976,0.8976,2017/3/31,1.1151,1.1151,2015/8/26,1,0.15%,1,0.15%,1,1.50%
24,1104,华安新丝路主题股票A,HAXSLZTGPA,23.3962,,0,2016/4/1,0.795,0.795,2017/3/31,0.981,0.981,2015/4/9,1,0.15%,1,0.15%,1,1.50%
25,1528,诺安先进制造股票,NAXJZZGP,23.3954,,0,2016/4/1,0.966,0.966,2017/3/31,1.192,1.192,2015/8/21,1,0.15%,1,0.15%,1,1.50%
26,159928,汇添富中证主要消费ETF,HTFZZZYXFETF,23.3138,,0,2016/4/1,1.3018,1.3018,2017/3/31,1.6053,1.6053,2013/8/23,,0.05%,,,,
27,540009,汇丰晋信消费红利股票,HFJXXFHLGP,23.2847,,0,2016/4/1,0.8147,0.8897,2017/3/31,1.0044,1.0794,2010/12/8,1,0.15%,1,0.15%,1,1.50%
28,418,景顺长城成长之星股票,JSCCCZZXGP,23.053,,0,2016/4/1,1.284,1.284,2017/3/31,1.58,1.58,2013/12/13,1,0.15%,1,0.15%,1,1.50%
29,510630,华夏消费ETF,HXXFETF,22.8835,,0,2016/4/1,1.3997,1.3997,2017/3/31,1.72,1.72,2013/3/28,,,,,,
30,540012,汇丰晋信恒生龙头指数A,HFJXHSLTZSA,22.7163,,0,2016/4/1,1.2392,1.2392,2017/3/31,1.5207,1.5207,2012/8/1,1,0.12%,1,0.12%,1,1.20%
31,512600,嘉实中证主要消费ETF,JSZZZYXFETF,22.4223,,0,2016/4/1,1.3491,1.3491,2017/3/31,1.6516,1.6516,2014/6/13,,,,,,
32,2168,嘉实智能汽车股票,JSZNQCGP,22.2013,,0,2016/4/1,1.063,1.063,2017/3/31,1.299,1.299,2016/2/4,1,0.15%,1,0.15%,1,1.50%
33,217027,招商央视财经50指数A,ZSYSCJ50ZSA,22.1613,,0,2016/4/1,1.277,1.277,2017/3/31,1.56,1.56,2013/2/5,1,0.12%,1,0.12%,1,1.20%
34,1149,汇丰晋信恒生龙头指数C,HFJXHSLTZSC,22.0382,,0,2016/4/1,1.2433,1.2433,2017/3/31,1.5173,1.5173,2015/4/1,1,0.00%,,,,
35,311,景顺长城沪深300指数增强A,JSCCHS300ZSZQA,21.9261,,0,2016/4/1,1.651,1.651,2017/3/31,2.013,2.013,2013/10/29,1,0.12%,1,0.12%,1,1.20%
36,510160,中证南方小康产业指数ETF,ZZNFXKCYZSETF,21.8737,,0,2016/4/1,0.4622,1.1499,2017/3/31,0.5633,1.4014,2010/8/27,,,,,,
37,1242,博时中证淘金大数据100A,BSZZTJDSJ100A,21.7963,,0,2016/4/1,0.7382,0.7382,2017/3/31,0.8991,0.8991,2015/5/4,1,0.12%,1,0.12%,1,1.20%
38,1243,博时中证淘金大数据100I,BSZZTJDSJ100I,21.7904,,0,2016/4/1,0.7384,0.7384,2017/3/31,0.8993,0.8993,2015/5/4,,0.60%,,,,
39,248,汇添富中证主要消费ETF联接A,HTFZZZYXFETFLJA,21.643,,0,2016/4/1,0.8996,0.8996,2017/3/31,1.0943,1.0943,2015/3/24,1,0.10%,1,0.10%,1,1.00%
40,1048,富国新兴产业股票,FGXXCYGP,21.346,,0,2016/4/1,0.951,0.951,2017/3/31,1.154,1.154,2015/3/12,1,0.15%,1,0.15%,1,1.50%
41,202021,南方小康ETF联接A,NFXKETFLJA,21.0832,,0,2016/4/1,1.0193,1.0393,2017/3/31,1.2342,1.2542,2010/8/27,1,0.12%,1,0.12%,1,1.20%
42,478,建信中证500指数增强A,JXZZ500ZSZQA,20.91,,0,2016/4/1,1.956,1.956,2017/3/31,2.365,2.365,2014/1/27,1,0.15%,1,0.15%,1,1.50%
43,1631,天弘中证食品饮料ETF联接A,THZZSPYLETFLJA,20.9034,,0,2016/4/1,0.963,0.963,2017/3/31,1.1643,1.1643,2015/7/29,1,0.10%,1,0.10%,1,1.00%
44,1521,国寿安保成长优选股票,GSABCZYXGP,20.8423,,0,2016/4/1,0.926,0.926,2017/3/31,1.119,1.119,2015/12/11,1,0.15%,1,0.15%,1,1.50%
45,1577,嘉实低价策略股票,JSDJCLGP,20.7569,,0,2016/4/1,0.872,0.872,2017/3/31,1.053,1.053,2015/7/27,1,0.15%,1,0.15%,1,1.50%
46,160716,嘉实基本面50指数(LOF)A,JSJBM50ZSLOFA,20.73,,0,2016/4/1,1.0603,1.0603,2017/3/31,1.2801,1.2801,2009/12/30,1,0.12%,1,0.12%,1,1.20%
47,1632,天弘中证食品饮料ETF联接C,THZZSPYLETFLJC,20.6868,,0,2016/4/1,0.961,0.961,2017/3/31,1.1598,1.1598,2015/7/29,1,0.00%,,,,
48,409,鹏华环保产业股票,PHHBCYGP,20.4332,,0,2016/4/1,1.385,1.385,2017/3/31,1.668,1.668,2014/3/7,1,0.15%,1,0.15%,1,1.50%
49,100032,富国中证红利指数增强A,FGZZHLZSZQA,20.1175,0.3,1,2016/4/1,1.228,2.291,2017/3/31,1.156,2.547,2008/11/20,1,0.15%,1,0.15%,1,1.50%
50,163407,兴全沪深300指数(LOF)A,XQHS300ZSLOFA,20.1023,,0,2016/4/1,1.2312,1.2312,2017/3/31,1.4787,1.4787,2010/11/2,1,0.12%,1,0.12%,1,1.20%
51,1714,工银文体产业股票A,GYWTCYGPA,19.9607,,0,2016/4/1,1.017,1.017,2017/3/31,1.22,1.22,2015/12/30,1,0.15%,1,0.15%,1,1.50%
52,165312,建信央视财经50指数(LOF),JXYSCJ50ZSLOF,19.8899,,0,2016/4/1,1.2057,1.3082,2017/3/31,1.4127,1.5452,2013/3/28,1,0.12%,1,0.12%,1,1.20%
53,2334,汇丰晋信大盘波动股票A,HFJXDPBDGPA,19.7926,,0,2016/4/1,1.0029,1.0029,2017/3/31,1.2014,1.2014,2016/3/11,1,0.15%,1,0.15%,1,1.50%
54,1421,南方量化成长,NFLHCZ,19.7761,,0,2016/4/1,1.072,1.072,2017/3/31,1.284,1.284,2015/6/29,1,0.15%,1,0.15%,1,1.50%
55,2335,汇丰晋信大盘波动股票C,HFJXDPBDGPC,19.1402,,0,2016/4/1,1.0026,1.0026,2017/3/31,1.1945,1.1945,2016/3/11,1,0.00%,,,,
56,978,景顺长城量化精选股票,JSCCLHJXGP,19.1363,,0,2016/4/1,1.181,1.181,2017/3/31,1.407,1.407,2015/2/4,1,0.15%,1,0.15%,1,1.50%
57,2236,大成360互联网+大数据100A,DC360HLWDSJ100A,18.7623,,0,2016/4/1,1.018,1.018,2017/3/31,1.209,1.209,2016/2/3,1,0.12%,1,0.12%,1,1.20%
58,1616,嘉实环保低碳股票,JSHBDTGP,18.744,,0,2016/4/1,1.035,1.035,2017/3/31,1.229,1.229,2015/12/30,1,0.15%,1,0.15%,1,1.50%
59,778,鹏华先进制造股票,PHXJZZGP,18.4834,,0,2016/4/1,1.266,1.266,2017/3/31,1.5,1.5,2014/11/4,1,0.15%,1,0.15%,1,1.50%
60,159916,深F60ETF,SF60ETF,18.3223,,0,2016/4/1,2.4473,1.3334,2017/3/31,2.8957,1.5777,2011/9/8,,,,,,
61,161217,国投瑞银中证资源指数,GTRYZZZYZS,18.2927,,0,2016/4/1,0.574,0.574,2017/3/31,0.679,0.679,2011/7/21,1,0.12%,1,0.12%,1,1.20%
62,310318,申万菱信沪深300指数增强A,SWLXHS300ZSZQA,18.246,,0,2016/4/1,1.7423,2.5348,2017/3/31,2.0602,2.8527,2004/11/29,1,0.12%,1,0.12%,1,1.20%
63,1420,南方大数据300A,NFDSJ300A,18.1177,,0,2016/4/1,0.8787,0.8787,2017/3/31,1.0379,1.0379,2015/6/24,1,0.12%,1,0.12%,1,1.20%
64,90010,大成中证红利指数A,DCZZHLZSA,18.112,,0,2016/4/1,1.303,1.303,2017/3/31,1.539,1.539,2010/2/2,1,0.12%,1,0.12%,1,1.20%
65,510020,博时上证超大盘ETF,BSSZCDPETF,18.093,,0,2016/4/1,2.0483,0.7555,2017/3/31,2.4189,0.8922,2009/12/29,,,,,,
66,310398,申万菱信沪深300价值指数A,SWLXHS300JZZSA,18.0314,,0,2016/4/1,1.0942,1.0942,2017/3/31,1.2915,1.2915,2010/2/11,1,0.12%,1,0.12%,1,1.20%
67,510880,华泰柏瑞上证红利ETF,HTBRSZHLETF,17.9846,0.091,1,2016/4/1,2.415,1.814,2017/3/31,2.7548,2.0961,2006/11/17,,,,,,
68,1044,嘉实新消费股票,JSXXFGP,17.9688,,0,2016/4/1,0.896,0.896,2017/3/31,1.057,1.057,2015/3/23,1,0.15%,1,0.15%,1,1.50%
69,979,景顺长城沪港深精选股票,JSCCHGSJXGP,17.8352,,0,2016/4/1,0.813,0.813,2017/3/31,0.958,0.958,2015/4/15,6,0.15%,1,0.15%,1,1.50%
70,1426,南方大数据300C,NFDSJ300C,17.7423,,0,2016/4/1,0.877,0.877,2017/3/31,1.0326,1.0326,2015/6/24,1,0.00%,,,,
71,163110,申万菱信量化小盘股票(LOF)A,SWLXLHXPGPLOFA,17.685,,0,2016/4/1,2.311,2.311,2017/3/31,2.7197,2.7197,2011/6/16,1,0.15%,1,0.15%,1,1.50%
72,165525,信诚中证基建工程指数(LOF)A,XCZZJJGCZSLOFA,17.565,,0,2016/4/1,1.076,1.084,2017/3/31,1.265,1.273,2015/8/6,1,0.10%,1,0.10%,1,1.00%
73,519965,长信量化多策略股票A,CXLHDCLGPA,17.5487,,0,2016/4/1,1.077,1.077,2017/3/31,1.266,1.266,2015/7/14,1,0.15%,1,0.15%,1,1.50%
74,1717,工银前沿医疗股票A,GYQYYLGPA,17.5124,,0,2016/4/1,1.005,1.005,2017/3/31,1.181,1.181,2016/2/3,1,0.15%,1,0.15%,1,1.50%
75,1974,景顺长城量化新动力股票,JSCCLHXDLGP,17.5,,0,2016/7/13,1,1,2017/3/31,1.175,1.175,2016/7/13,1,0.15%,1,0.15%,1,1.50%
76,740101,长安沪深300非周期,CAHS300FZQ,17.3721,0.429,1,2016/4/1,1.232,1.307,2017/3/31,1.011,1.515,2012/6/25,1,0.15%,1,0.15%,1,1.50%
77,756,建信潜力新蓝筹股票A,JXQLXLCGPA,17.3367,,0,2016/4/1,1.194,1.194,2017/3/31,1.401,1.401,2014/9/10,1,0.15%,1,0.15%,1,1.50%
78,160638,鹏华中证一带一路主题指数(LOF),PHZZYDYLZTZSLOF,17.3335,,0,2016/4/1,0.767,0.492,2017/3/31,0.866,0.574,2015/5/18,1,0.12%,1,0.12%,1,1.20%
79,1047,光大国企改革股票,GDGQGGGP,17.2373,,0,2016/4/1,0.847,0.847,2017/3/31,0.993,0.993,2015/3/25,1,0.15%,1,0.15%,1,1.50%
80,50013,博时上证超大盘ETF联接,BSSZCDPETFLJ,17.192,,0,2016/4/1,0.7678,0.7678,2017/3/31,0.8998,0.8998,2009/12/29,1,0.12%,1,0.12%,1,1.20%
81,751,嘉实新兴产业股票,JSXXCYGP,17.145,,0,2016/4/1,1.359,1.359,2017/3/31,1.592,1.592,2014/9/17,1,0.15%,1,0.15%,1,1.50%
82,110030,易方达沪深300量化增强,YFDHS300LHZQ,17.0846,,0,2016/4/1,1.6588,1.6588,2017/3/31,1.9422,1.9422,2012/7/5,1,0.15%,1,0.15%,1,1.50%
83,165519,信诚中证800医药指数(LOF)A,XCZZ800YYZSLOFA,16.9884,,0,2016/4/1,0.734,1.32,2017/3/31,0.833,1.443,2013/8/16,1,0.12%,1,0.12%,1,1.20%
84,530015,建信深证基本面60ETF联接A,JXSZJBM60ETFLJA,16.9028,,0,2016/4/1,1.3057,1.3057,2017/3/31,1.5264,1.5264,2011/9/8,1,0.15%,1,0.15%,1,1.50%
85,161715,招商大宗商品(LOF),ZSDZSPLOF,16.8841,,0,2016/4/1,0.923,1.036,2017/3/31,1.053,1.191,2012/6/28,1,0.12%,1,0.12%,1,1.20%
86,519671,银河沪深300价值指数A,YHHS300JZZSA,16.8216,,0,2016/4/1,1.076,1.076,2017/3/31,1.257,1.257,2009/12/28,1,0.12%,1,0.12%,1,1.20%
87,163808,中银中证100指数增强,ZYZZ100ZSZQ,16.8103,,0,2016/4/1,0.928,0.938,2017/3/31,1.084,1.094,2009/9/4,1,0.15%,1,0.15%,1,1.50%
88,161724,招商中证煤炭等权指数(LOF)A,ZSZZMTDQZSLOFA,16.7824,,0,2016/4/1,0.987,0.664,2017/3/31,1.13,0.774,2015/5/20,1,0.10%,1,0.10%,1,1.00%
89,519975,长信量化中小盘股票,CXLHZXPGP,16.4623,0.4,1,2016/4/1,1.253,1.253,2017/3/31,1.063,1.463,2015/2/4,1,0.15%,1,0.15%,1,1.50%
90,162213,泰达宏利沪深300指数增强A,TDHLHS300ZSZQA,16.4169,0.42,1,2016/4/1,1.5044,1.5244,2017/3/31,1.2519,1.6919,2010/4/23,1,0.12%,1,0.12%,1,1.20%
91,159945,广发中证全指能源ETF,GFZZQZNYETF,16.3875,,0,2016/4/1,0.6328,0.6328,2017/3/31,0.7365,0.7365,2015/6/25,,,,,,
92,450009,国富中小盘股票,GFZXPGP,16.3743,0.5177,1,2016/4/1,1.794,1.794,2017/3/31,1.573,2.091,2010/11/23,1,0.15%,1,0.15%,1,1.50%
93,159944,广发中证全指原材料ETF,GFZZQZYCLETF,16.2685,,0,2016/4/1,0.7702,0.7702,2017/3/31,0.8955,0.8955,2015/6/25,,,,,,
94,991,工银战略转型股票A,GYZLZXGPA,16.144,,0,2016/4/1,0.861,0.861,2017/3/31,1,1,2015/2/16,1,0.15%,1,0.15%,1,1.50%
95,159905,工银深证红利ETF,GYSZHLETF,16.1396,,0,2016/4/1,1.1066,1.1066,2017/3/31,1.2852,1.2852,2010/11/5,,,,,,
96,159910,嘉实深证基本面120ETF,JSSZJBM120ETF,16.0863,,0,2016/4/1,1.2694,1.2694,2017/3/31,1.4736,1.4736,2011/8/1,,,,,,
97,161017,富国中证500指数增强(LOF)A,FGZZ500ZSZQLOFA,16.0832,,0,2016/4/1,1.828,1.828,2017/3/31,2.122,2.122,2011/10/12,1,0.15%,1,0.15%,1,1.50%
98,1736,圆信永丰优加生活,YXYFYJSH,16.0181,,0,2016/4/1,1.105,1.105,2017/3/31,1.282,1.282,2015/10/28,1,0.15%,1,0.15%,1,1.50%
99,854,鹏华养老产业股票,PHYLCYGP,16.0105,,0,2016/4/1,1.143,1.143,2017/3/31,1.326,1.326,2014/12/2,1,0.15%,1,0.15%,1,1.50%
100,481012,工银深证红利ETF联接A,GYSZHLETFLJA,15.7682,0.1782,1,2016/4/1,1.0855,1.0855,2017/3/31,1.061,1.2392,2010/11/9,1,0.10%,1,0.10%,1,1.00%
101,510150,招商上证消费80ETF,ZSSZXF80ETF,15.6583,,0,2016/4/1,3.57,1.177,2017/3/31,4.129,1.361,2010/12/8,,,,,,
102,502006,易方达中证国企改革(LOF)A,YFDZZGQGGLOFA,15.646,,0,2016/4/1,0.8916,0.4711,2017/3/31,1.0049,,2015/6/15,1,0.10%,1,0.10%,1,1.00%
103,376510,上投摩根大盘蓝筹股票,STMGDPLCGP,15.5226,,0,2016/4/1,1.282,1.282,2017/3/31,1.481,1.481,2010/12/20,1,0.15%,1,0.15%,1,1.50%
104,510660,华夏医药ETF,HXYYETF,15.5045,,0,2016/4/1,1.3925,1.3925,2017/3/31,1.6084,1.6084,2013/3/28,,,,,,
105,519116,浦银安盛沪深300指数增强,PYASHS300ZSZQ,15.4917,,0,2016/4/1,1.078,1.078,2017/3/31,1.245,1.245,2010/12/10,1,0.12%,1,0.12%,1,1.20%
106,1015,华夏沪深300指数增强A,HXHS300ZSZQA,15.4639,,0,2016/4/1,1.067,1.067,2017/3/31,1.232,1.232,2015/2/10,1,0.12%,1,0.12%,1,1.20%
107,519677,银河定投宝腾讯济安指数,YHDTBTXJAZS,15.4148,,0,2016/4/1,1.531,1.531,2017/3/31,1.767,1.767,2014/3/14,1,0.00%,,0.00%,0,0.00%
108,160133,南方天元新产业股票(LOF),NFTYXCYGPLOF,15.3659,,0,2016/4/1,1.64,1.64,2017/3/31,1.892,1.892,2014/7/3,1,0.15%,1,0.15%,1,1.50%
109,1105,信达澳银转型创新股票,XDAYZXCXGP,15.3184,,0,2016/4/1,0.581,0.581,2017/3/31,0.67,0.67,2015/4/15,1,0.15%,1,0.15%,1,1.50%
110,540007,汇丰晋信中小盘股票,HFJXZXPGP,15.3176,,0,2016/4/1,1.0217,1.0417,2017/3/31,1.1782,1.1982,2009/12/11,1,0.15%,1,0.15%,1,1.50%
111,1208,诺安低碳经济股票A,NADTJJGPA,15.2113,,0,2016/4/1,0.71,0.71,2017/3/31,0.818,0.818,2015/5/12,1,0.15%,1,0.15%,1,1.50%
112,161032,富国中证煤炭指数(LOF)A,FGZZMTZSLOFA,15.2101,,0,2016/4/1,1.027,0.612,2017/3/31,1.152,0.705,2015/6/19,1,0.00%,,,,
113,110003,易方达上证50增强A,YFDSZ50ZQA,15.2071,,0,2016/4/1,0.9489,2.7989,2017/3/31,1.0932,2.9432,2004/3/22,1,0.15%,1,0.15%,1,1.50%
114,70023,嘉实深证基本面120联接A,JSSZJBM120LJA,15.1872,,0,2016/4/1,1.282,1.282,2017/3/31,1.4767,1.4767,2011/8/1,1,0.12%,1,0.12%,1,1.20%
115,1016,华夏沪深300指数增强C,HXHS300ZSZQC,15,,0,2016/4/1,1.06,1.06,2017/3/31,1.219,1.219,2015/2/10,1,0.00%,,,,
116,165520,信诚中证800有色指数(LOF)A,XCZZ800YSZSLOFA,14.986,,0,2016/4/1,0.953,1.134,2017/3/31,1.071,1.221,2013/8/30,1,0.12%,1,0.12%,1,1.20%
117,50002,博时沪深300指数A,BSHS300ZSA,14.8912,,0,2016/4/1,1.0758,3.0678,2017/3/31,1.236,3.228,2003/8/26,1,0.15%,1,0.15%,1,1.50%
118,161907,万家中证红利指数(LOF)A,WJZZHLZSLOFA,14.707,,0,2016/4/1,1.3259,1.3259,2017/3/31,1.5209,1.5209,2011/3/17,1,0.15%,1,0.15%,1,1.50%
119,866,华宝制造股票,HBZZGP,14.5532,,0,2016/4/1,1.175,1.175,2017/3/31,1.346,1.346,2014/12/10,1,0.15%,1,0.15%,1,1.50%
120,916,前海开源股息率100强股票,QHKYGXL100QGP,14.5349,0.2,1,2016/4/1,1.205,1.205,2017/3/31,1.174,1.374,2015/1/13,1,0.15%,1,0.15%,1,1.50%
121,1705,泓德战略转型股票,HDZLZXGP,14.4942,,0,2016/4/1,1.028,1.028,2017/3/31,1.177,1.177,2015/11/10,1,0.15%,1,0.15%,1,1.50%
122,867,华宝品质生活股票,HBPZSHGP,14.489,,0,2016/4/1,0.773,0.823,2017/3/31,0.885,0.935,2015/1/21,1,0.15%,1,0.15%,1,1.50%
123,2385,博时沪深300指数C,BSHS300ZSC,14.4319,,0,2016/4/1,1.0747,1.0747,2017/3/31,1.2298,1.2298,2016/1/26,1,0.00%,,,,
124,160615,鹏华沪深300指数(LOF)A,PHHS300ZSLOFA,14.2738,,0,2016/4/1,1.205,1.265,2017/3/31,1.377,1.437,2009/4/3,1,0.12%,1,0.12%,1,1.20%
125,217017,招商上证消费80ETF联接A,ZSSZXF80ETFLJA,14.2361,,0,2016/4/1,1.152,1.152,2017/3/31,1.316,1.316,2010/12/8,1,0.15%,1,0.15%,1,1.50%
126,159908,博时创业板ETF,BSCYBETF,14.225,,0,2016/4/1,1.1297,1.1297,2017/3/31,1.2904,1.2904,2011/6/10,,0.05%,,,,
127,510030,华宝上证180价值ETF,HBSZ180JZETF,14.1642,,0,2016/4/1,3.643,1.247,2017/3/31,4.159,1.424,2010/4/23,,,,,,
128,240014,华宝中证100指数A,HBZZ100ZSA,14.1148,,0,2016/4/1,0.9444,0.9444,2017/3/31,1.0777,1.0777,2009/9/29,1,0.12%,1,0.12%,1,1.20%
129,1163,银华中国梦30股票,YHZGM30GP,14.0221,,0,2016/4/1,0.813,0.813,2017/3/31,0.927,0.927,2015/4/29,1,0.15%,1,0.15%,1,1.50%
130,1677,中银战略新兴产业股票A,ZYZLXXCYGPA,14.0021,,0,2016/4/1,0.957,0.957,2017/3/31,1.091,1.091,2015/11/26,1,0.15%,1,0.15%,1,1.50%
131,167503,安信中证一带一路主题指数,AXZZYDYLZTZS,13.9004,,0,2016/4/1,0.751,0.4,2017/3/31,0.831,0.502,2015/5/14,1,0.05%,1,0.05%,1,0.50%
132,162216,泰达中证500指数增强(LOF),TDZZ500ZSZQLOF,13.8101,,0,2016/4/1,0.8953,2.0136,2017/3/31,0.998,2.1363,2011/12/1,1,0.12%,1,0.12%,1,1.20%
133,1643,汇丰晋信智造先锋股票A,HFJXZZXFGPA,13.4971,,0,2016/4/1,0.9076,0.9076,2017/3/31,1.0301,1.0301,2015/9/30,1,0.15%,1,0.15%,1,1.50%
134,160634,鹏华中证环保产业指数(LOF),PHZZHBCYZSLOF,13.4178,,0,2016/4/1,1.025,0.687,2017/3/31,1.135,0.778,2015/6/16,1,0.12%,1,0.12%,1,1.20%
135,240016,华宝上证180价值联接,HBSZ180JZLJ,13.3694,,0,2016/4/1,1.294,1.324,2017/3/31,1.467,1.497,2010/4/23,1,0.15%,1,0.15%,1,1.50%
136,217016,招商深证100指数A,ZSSZ100ZSA,13.3076,,0,2016/4/1,1.037,1.037,2017/3/31,1.175,1.175,2010/6/22,1,0.12%,1,0.12%,1,1.20%
137,1685,汇添富沪港深新价值股票,HTFHGSXJZGP,13.3,,0,2016/7/27,1,1,2017/3/31,1.133,1.133,2016/7/27,1,0.15%,1,0.15%,1,1.50%
138,1039,嘉实先进制造股票,JSXJZZGP,13.2612,,0,2016/4/1,0.739,0.739,2017/3/31,0.837,0.837,2015/4/24,1,0.15%,1,0.15%,1,1.50%
139,165511,中信保诚中证500指数(LOF)A,ZXBCZZ500ZSLOFA,13.2326,,0,2016/4/1,1.146,1.73,2017/3/31,1.278,1.808,2011/2/11,1,0.12%,1,0.12%,1,1.20%
140,159913,交银深证300价值ETF,JYSZ300JZETF,13.1208,,0,2016/4/1,1.349,1.349,2017/3/31,1.526,1.526,2011/9/22,,,,,,
141,985,嘉实逆向策略股票,JSNXCLGP,13.0952,,0,2016/4/1,1.008,1.008,2017/3/31,1.14,1.14,2015/2/2,1,0.15%,1,0.15%,1,1.50%
142,450008,国富沪深300指数增强,GFHS300ZSZQ,13.0833,,0,2016/4/1,1.2,1.2,2017/3/31,1.357,1.357,2009/9/3,1,0.12%,1,0.12%,1,1.20%
143,2311,创金合信中证500指数增强A,CJHXZZ500ZSZQA,12.9979,,0,2016/4/1,0.8586,0.8586,2017/3/31,0.9702,0.9702,2015/12/31,1,0.15%,1,0.15%,1,1.50%
144,161121,易方达中证银行指数(LOF)A,YFDZZYHZSLOFA,12.9763,,0,2016/4/1,0.7938,0.7938,2017/3/31,0.8674,,2015/6/3,1,0.10%,1,0.10%,1,1.00%
145,162208,泰达宏利首选企业股票,TDHLSXQYGP,12.9602,0.4,1,2016/4/1,1.3621,1.6821,2017/3/31,1.1168,1.8368,2006/12/1,1,0.15%,1,0.15%,1,1.50%
146,2316,创金合信中证500指数增强C,CJHXZZ500ZSZQC,12.9427,,0,2016/4/1,0.8584,0.8584,2017/3/31,0.9695,0.9695,2015/12/31,1,0.00%,,,,
147,160620,鹏华资源A,PHZYA,12.9276,,0,2016/4/1,1.078,0.751,2017/3/31,1.194,0.841,2012/9/27,1,0.12%,1,0.12%,1,1.20%
148,1644,汇丰晋信智造先锋股票C,HFJXZZXFGPC,12.8979,,0,2016/4/1,0.9048,0.9048,2017/3/31,1.0215,1.0215,2015/9/30,1,0.00%,,,,
149,512120,华安中证细分医药ETF,HAZZXFYYETF,12.8122,,0,2016/4/1,1.241,1.241,2017/3/31,1.4,1.4,2013/12/4,,0.05%,,,,
150,161723,招商中证银行指数A,ZSZZYHZSA,12.7433,,0,2016/4/1,0.823,0.838,2017/3/31,0.905,0.943,2015/5/20,1,0.10%,1,0.10%,1,1.00%
151,165515,信诚沪深300指数(LOF)A,XCHS300ZSLOFA,12.683,,0,2016/4/1,1.087,1.321,2017/3/31,1.204,1.406,2012/2/1,1,0.12%,1,0.12%,1,1.20%
152,1672,国寿安保智慧生活股票,GSABZHSHGP,12.5743,0.04,1,2016/4/1,1.052,1.052,2017/3/31,1.144,1.184,2015/9/1,1,0.15%,1,0.15%,1,1.50%
153,711,嘉实医疗保健股票,JSYLBJGP,12.5313,,0,2016/4/1,1.197,1.197,2017/3/31,1.347,1.347,2014/8/13,1,0.15%,1,0.15%,1,1.50%
154,50021,博时创业板ETF联接A,BSCYBETFLJA,12.5309,,0,2016/4/1,1.1316,1.1316,2017/3/31,1.2734,1.2734,2011/6/10,1,0.08%,1,0.08%,1,0.80%
155,2315,创金合信沪深300指数增强C,CJHXHS300ZSZQC,12.5168,,0,2016/4/1,0.8948,0.8948,2017/3/31,1.0068,1.0068,2015/12/31,1,0.00%,,,,
156,519706,交银深证300价值ETF联接,JYSZ300JZETFLJ,12.471,,0,2016/4/1,1.291,1.291,2017/3/31,1.452,1.452,2011/9/28,1,0.15%,1,0.15%,1,1.50%
157,512990,华夏MSCIA股国际通ETF,HXMSCIAGGJTETF,12.4418,,0,2016/4/1,0.9235,0.9235,2017/3/31,1.0384,1.0384,2015/2/12,,0.05%,,,,
158,200002,长城久泰沪深300指数A,CCJTHS300ZSA,12.424,,0,2016/4/1,1.283,4.143,2017/3/31,1.4424,4.3024,2004/5/21,1,0.15%,1,0.15%,1,1.50%
159,519100,长盛中证100指数,CSZZ100ZS,12.3809,,0,2016/4/1,0.8925,1.5835,2017/3/31,1.003,1.694,2006/11/22,1,0.15%,1,0.15%,1,1.50%
160,1050,汇添富成长多因子量化策略股票,HTFCZDYZLHCLGP,12.3167,,0,2016/4/1,1.023,1.023,2017/3/31,1.149,1.149,2015/2/16,1,0.15%,1,0.15%,1,1.50%
161,510090,建信责任ETF,JXZRETF,12.2355,,0,2016/4/1,1.2055,1.4381,2017/3/31,1.353,1.6141,2010/5/28,,,,,,
162,180003,银华-道琼斯88指数,YHDQS88ZS,12.2291,,0,2016/4/1,0.9044,2.7094,2017/3/31,1.015,2.82,2004/8/11,1,0.15%,1,0.15%,1,1.50%
163,960,招商医药健康产业股票,ZSYYJKCYGP,12.2056,,0,2016/4/1,0.934,0.934,2017/3/31,1.048,1.048,2015/1/30,1,0.15%,1,0.15%,1,1.50%
164,168204,中融中证煤炭指数(LOF),ZRZZMTZSLOF,12.1456,,0,2016/4/1,0.716,0.731,2017/3/31,0.775,0.817,2015/6/25,1,0.00%,,,,
165,502048,易方达上证50指数(LOF)A,YFDSZ50ZSLOFA,12.0002,,0,2016/4/1,1.0699,0.6974,2017/3/31,1.1788,,2015/4/15,1,0.12%,1,0.12%,1,1.20%
166,213010,宝盈中证100指数增强A,BYZZ100ZSZQA,11.9683,,0,2016/4/1,1.011,1.011,2017/3/31,1.132,1.132,2010/2/8,1,0.12%,1,0.12%,1,1.20%
167,975,MSCI中国A股国际通联接A,MSCIZGAGGJTLJA,11.9504,,0,2016/4/1,0.887,0.887,2017/3/31,0.993,0.993,2015/2/12,1,0.12%,1,0.12%,1,1.20%
168,502000,西部利得中证500指数增强A,XBLDZZ500ZSZQA,11.8902,,0,2016/4/1,0.932,0.558,2017/3/31,1.017,0.623,2015/4/15,1,0.10%,1,0.10%,1,1.00%
169,176,嘉实沪深300指数研究增强,JSHS300ZSYJZQ,11.8726,,0,2016/4/1,0.9922,0.9922,2017/3/31,1.11,1.11,2014/12/26,1,0.10%,1,0.10%,1,1.00%
170,100038,富国沪深300指数增强A,FGHS300ZSZQA,11.8694,,0,2016/4/1,1.348,1.348,2017/3/31,1.508,1.508,2009/12/16,1,0.12%,1,0.12%,1,1.20%
171,2229,华夏经济转型股票,HXJJZXGP,11.8511,,0,2016/4/1,1.021,1.021,2017/3/31,1.142,1.142,2016/3/15,1,0.15%,1,0.15%,1,1.50%
172,1718,工银物流产业股票A,GYWLCYGPA,11.8269,,0,2016/4/1,1.04,1.04,2017/3/31,1.163,1.163,2016/3/1,1,0.15%,1,0.15%,1,1.50%
173,82,嘉实研究阿尔法股票,JSYJAEFGP,11.8253,0.5547,1,2016/4/1,1.618,1.618,2017/3/31,1.174,1.729,2013/5/28,1,0.15%,1,0.15%,1,1.50%
174,1040,新华策略精选股票,XHCLJXGP,11.8243,,0,2016/4/1,0.888,0.888,2017/3/31,0.993,0.993,2015/3/31,1,0.15%,1,0.15%,1,1.50%
175,164508,国富中证100指数增强(LOF),GFZZ100ZSZQLOF,11.8163,,0,2016/4/1,0.762,0.785,2017/3/31,0.826,0.874,2015/3/26,1,0.12%,1,0.12%,1,1.20%
176,2310,创金合信沪深300指数增强A,CJHXHS300ZSZQA,11.8101,,0,2016/4/1,0.895,0.895,2017/3/31,1.0007,1.0007,2015/12/31,1,0.15%,1,0.15%,1,1.50%
177,373,华安中证细分医药ETF联接A,HAZZXFYYETFLJA,11.7912,,0,2016/4/1,1.111,1.111,2017/3/31,1.242,1.242,2014/11/28,1,0.12%,1,0.12%,1,1.20%
178,163116,申万中证申万电子行业投资指数(LOF)A,SWZZSWDZHYTZZSLOFA,11.7332,,0,2016/4/1,0.9602,0.6155,2017/3/31,1.0622,0.6877,2015/5/14,1,0.12%,1,0.12%,1,1.20%
179,320010,诺安中证100指数A,NAZZ100ZSA,11.733,,0,2016/4/1,0.929,0.929,2017/3/31,1.038,1.038,2009/10/27,1,0.12%,1,0.12%,1,1.20%
180,1043,工银美丽城镇股票A,GYMLCZGPA,11.6364,,0,2016/4/1,0.825,0.825,2017/3/31,0.921,0.921,2015/3/26,1,0.15%,1,0.15%,1,1.50%
181,835,华润元大富时中国A50指数A,HRYDFSZGA50ZSA,11.5544,,0,2016/4/1,1.203,1.203,2017/3/31,1.342,1.342,2014/11/20,1,0.12%,1,0.12%,1,1.20%
182,320022,诺安研究精选股票,NAYJJXGP,11.525,,0,2016/4/1,0.859,1.492,2017/3/31,0.958,1.664,2012/12/10,1,0.15%,1,0.15%,1,1.50%
183,202015,南方沪深300联接基金A,NFHS300LJJJA,11.5113,,0,2016/4/1,1.1163,1.2763,2017/3/31,1.2448,1.4048,2009/3/25,1,0.12%,1,0.12%,1,1.20%
184,1188,鹏华改革红利股票,PHGGHLGP,11.5068,,0,2016/4/1,0.73,0.73,2017/3/31,0.814,0.814,2015/4/28,1,0.15%,1,0.15%,1,1.50%
185,502013,长盛中证申万一带一路指数(LOF),CSZZSWYDYLZSLOF,11.485,,0,2016/4/1,0.785,0.3998,2017/3/31,0.847,,2015/5/29,1,0.12%,1,0.12%,1,1.20%
186,510010,交银上证180公司治理ETF,JYSZ180GSZLETF,11.4445,,0,2016/4/1,0.9,1.002,2017/3/31,1.003,1.117,2009/9/25,,,,,,
187,376,华安中证细分医药ETF联接C,HAZZXFYYETFLJC,11.4441,,0,2016/4/1,1.101,1.101,2017/3/31,1.227,1.227,2014/11/28,1,0.00%,,,,
188,1651,工银新蓝筹股票A,GYXLCGPA,11.4258,,0,2016/4/1,1.024,1.024,2017/3/31,1.141,1.141,2015/8/6,1,0.15%,1,0.15%,1,1.50%
189,368,汇添富沪深300安中指数,HTFHS300AZZS,11.418,,0,2016/4/1,1.2384,1.2384,2017/3/31,1.3798,1.3798,2013/11/6,1,0.12%,1,0.12%,1,1.20%
190,165310,建信沪深300指数增强(LOF)A,JXHS300ZSZQLOFA,11.4131,,0,2016/4/1,1.244,1.365,2017/3/31,1.365,1.506,2011/5/6,1,0.15%,1,0.15%,1,1.50%
191,510060,工银上证央企ETF,GYSZYQETF,11.4046,,0,2016/4/1,1.4731,0.9423,2017/3/31,1.6411,1.0497,2009/8/26,,,,,,
192,1637,嘉实量化精选股票,JSLHJXGP,11.3285,,0,2016/4/1,0.971,0.971,2017/3/31,1.081,1.081,2015/12/7,1,0.15%,1,0.15%,1,1.50%
193,161721,招商沪深300地产等权重指数A,ZSHS300DCDQZZSA,11.3156,,0,2016/4/1,0.701,1.242,2017/3/31,0.757,1.32,2014/11/27,1,0.10%,1,0.10%,1,1.00%
194,161026,富国中证国有企业改革指数(LOF)A,FGZZGYQYGGZSLOFA,11.2939,,0,2016/4/1,0.832,1.132,2017/3/31,0.902,1.192,2014/12/17,1,0.12%,1,0.12%,1,1.20%
195,510120,海富通上证非周期ETF,HFTSZFZQETF,11.2356,,0,2016/4/1,2.501,1.054,2017/3/31,2.782,1.172,2011/4/22,,,,,,
196,159925,南方沪深300ETF,NFHS300ETF,11.2285,,0,2016/4/1,1.278,1.1205,2017/3/31,1.4215,1.2463,2013/2/18,,,,,,
197,510050,华夏上证50ETF,HXSZ50ETF,11.2219,0.053,1,2016/4/1,2.167,2.91,2017/3/31,2.359,3.2,2004/12/30,,,,,,
198,510710,博时上证50ETF,BSSZ50ETF,11.1693,,0,2016/4/1,2.1407,0.6618,2017/3/31,2.3798,0.7357,2015/5/27,,0.04%,,,,
199,161607,融通巨潮100指数A(LOF),RTJC100ZSALOF,11.1691,,0,2016/4/1,0.958,2.472,2017/3/31,1.065,2.579,2005/5/12,1,0.15%,1,0.15%,1,1.50%
200,1277,博时国企改革股票A,BSGQGGGPA,11.0811,,0,2016/4/1,0.74,0.74,2017/3/31,0.822,0.822,2015/5/20,1,0.15%,1,0.15%,1,1.50%
201,530010,建信上证社会责任ETF联接,JXSZSHZRETFLJ,11.0711,,0,2016/4/1,1.3612,1.3612,2017/3/31,1.5119,1.5119,2010/5/28,1,0.15%,1,0.15%,1,1.50%
202,160517,博时中证银行指数(LOF),BSZZYHZSLOF,11.0694,,0,2016/4/1,0.8239,0.8373,2017/3/31,0.8899,0.9299,2015/6/9,1,0.10%,1,0.10%,1,1.00%
203,510360,广发沪深300ETF,GFHS300ETF,10.9923,,0,2016/4/1,0.9634,0.9634,2017/3/31,1.0693,1.0693,2015/8/20,,,,,,
204,1051,华夏上证50ETF联接A,HXSZ50ETFLJA,10.9065,,0,2016/4/1,0.706,0.706,2017/3/31,0.783,0.783,2015/3/17,1,0.12%,1,0.12%,1,1.20%
205,502023,鹏华国证钢铁行业指数(LOF)A,PHGZGTHYZSLOFA,10.903,,0,2016/4/1,0.889,0.889,2017/3/31,0.957,0.983,2015/8/13,1,0.12%,1,0.12%,1,1.20%
206,161029,富国中证银行指数(LOF)A,FGZZYHZSLOFA,10.902,,0,2016/4/1,0.868,0.886,2017/3/31,0.94,0.98,2015/4/30,1,0.12%,1,0.12%,1,1.20%
207,164908,交银中证环境治理(LOF)A,JYZZHJZLLOFA,10.8744,,0,2016/4/1,0.892,0.892,2017/3/31,0.989,0.989,2015/8/13,1,0.12%,1,0.12%,1,1.20%
208,519686,交银上证180公司治理联接,JYSZ180GSZLLJ,10.7843,,0,2016/4/1,1.02,1.02,2017/3/31,1.13,1.13,2009/9/29,1,0.15%,1,0.15%,1,1.50%
209,410008,华富中证100指数,HFZZ100ZS,10.7696,,0,2016/4/1,0.9434,0.9434,2017/3/31,1.045,1.045,2009/12/30,1,0.12%,1,0.12%,1,1.20%
210,20011,国泰沪深300指数A,GTHS300ZSA,10.7654,,0,2016/4/1,0.6651,0.9521,2017/3/31,0.7367,1.0546,2007/11/11,1,0.15%,1,0.15%,1,1.50%
211,530018,建信深证100指数增强,JXSZ100ZSZQ,10.7357,,0,2016/4/1,1.332,1.332,2017/3/31,1.475,1.475,2012/3/16,1,0.15%,1,0.15%,1,1.50%
212,613,国寿安保沪深300ETF联接,GSABHS300ETFLJ,10.6827,0.52,1,2016/4/1,1.4044,1.4044,2017/3/31,1.0406,1.5606,2014/6/5,1,0.10%,1,0.10%,1,1.00%
213,270010,广发沪深300ETF联接A,GFHS300ETFLJA,10.628,,0,2016/4/1,1.4189,1.7089,2017/3/31,1.5697,1.8597,2008/12/30,1,0.12%,1,0.12%,1,1.20%
214,2210,创金合信量化多因子股票A,CJHXLHDYZGPA,10.3636,,0,2016/4/1,1.1,1.1,2017/3/31,1.214,1.214,2016/1/22,1,0.15%,1,0.15%,1,1.50%
215,159929,汇添富中证医药卫生ETF,HTFZZYYWSETF,10.3595,,0,2016/4/1,1.3157,1.3157,2017/3/31,1.452,1.452,2013/8/23,,0.05%,,,,
216,510130,中盘ETF,ZPETF,10.3475,,0,2016/4/1,3.3496,1.1521,2017/3/31,3.6962,1.2713,2010/3/29,,0.05%,,,,
217,1237,博时上证50ETF联接A,BSSZ50ETFLJA,10.3086,,0,2016/4/1,0.7227,0.7227,2017/3/31,0.7972,0.7972,2015/5/27,1,0.12%,1,0.12%,1,1.20%
218,690008,民生中证内地资源主题指数A,MSZZNDZYZTZSA,10.2603,,0,2016/4/1,0.653,0.653,2017/3/31,0.72,0.72,2012/3/8,1,0.12%,1,0.12%,1,1.20%
219,1548,天弘上证50指数A,THSZ50ZSA,10.2263,,0,2016/4/1,0.8087,0.8087,2017/3/31,0.8914,0.8914,2015/7/16,1,0.10%,1,0.10%,1,1.00%
220,510330,华夏沪深300ETF,HXHS300ETF,10.2227,,0,2016/4/1,3.3455,1.4021,2017/3/31,3.6875,1.5421,2012/12/25,,,,,,
221,162307,海富通中证100指数(LOF)A,HFTZZ100ZSLOFA,10.1571,,0,2016/4/1,0.955,0.955,2017/3/31,1.052,1.052,2009/10/30,1,0.12%,1,0.12%,1,1.20%
222,110020,易方达沪深300ETF联接A,YFDHS300ETFLJA,10.1363,,0,2016/4/1,1.0418,1.0418,2017/3/31,1.1474,1.1474,2009/8/26,1,0.12%,1,0.12%,1,1.20%
223,162509,国联安中证100指数(LOF),GLAZZ100ZSLOF,10.119,,0,2016/4/1,1.24,1.068,2017/3/31,1.092,1.141,2010/4/16,1,0.12%,1,0.12%,1,1.20%
224,159923,大成中证100ETF,DCZZ100ETF,10.0826,,0,2016/4/1,1.21,1.21,2017/3/31,1.332,1.332,2013/2/7,,,,,,
225,42,财通中证ESG100指数增强A,CTZZESG100ZSZQA,10.0443,,0,2016/4/1,1.354,1.354,2017/3/31,1.49,1.49,2013/3/22,1,0.12%,1,0.12%,1,1.20%
226,510190,华安上证龙头ETF,HASZLTETF,10.0427,,0,2016/4/1,3.047,1.168,2017/3/31,3.353,1.285,2010/11/18,,,,,,
227,1549,天弘上证50指数C,THSZ50ZSC,9.9566,,0,2016/4/1,0.8065,0.8065,2017/3/31,0.8868,0.8868,2015/7/16,1,0.00%,,,,
228,510310,易方达沪深300发起式ETF,YFDHS300FQSETF,9.9338,,0,2016/4/1,1.3147,1.3147,2017/3/31,1.4453,1.4453,2013/3/6,,0.05%,,,,
229,2556,博时丝路主题股票C,BSSLZTGPC,9.9329,,0,2016/4/1,0.745,0.745,2017/3/31,0.819,0.819,2016/3/22,1,0.00%,,,,
230,51,华夏沪深300ETF联接A,HXHS300ETFLJA,9.9305,,0,2016/4/1,1.007,1.007,2017/3/31,1.107,1.107,2009/7/10,1,0.12%,1,0.12%,1,1.20%
231,510180,华安上证180ETF,HASZ180ETF,9.9299,,0,2016/4/1,2.7815,2.8371,2017/3/31,3.0577,3.0945,2006/4/13,,,,,,
232,161211,国投沪深300金融地产联接,GTHS300JRDCLJ,9.9069,,0,2016/4/1,1.2032,1.2032,2017/3/31,1.3224,1.3224,2010/4/9,1,0.12%,1,0.12%,1,1.20%
233,512610,嘉实中证医药卫生ETF,JSZZYYWSETF,9.8956,,0,2016/4/1,1.3218,1.3218,2017/3/31,1.4526,1.4526,2014/6/13,,,,,,
234,202211,南方中证100指数A,NFZZ100ZSA,9.8901,0.045,1,2016/4/1,1.114,1.505,2017/3/31,1.178,1.615,2008/11/12,1,0.12%,1,0.12%,1,1.20%
235,110021,易方达上证中盘ETF联接A,YFDSZZPETFLJA,9.8248,,0,2016/4/1,1.1532,1.1532,2017/3/31,1.2665,1.2665,2010/3/31,1,0.12%,1,0.12%,1,1.20%
236,471,富国城镇发展股票,FGCZFZGP,9.8169,0.5,1,2016/4/1,2.281,2.281,2017/3/31,1.996,2.496,2014/1/28,1,0.15%,1,0.15%,1,1.50%
237,1917,招商量化精选股票A,ZSLHJXGPA,9.7777,0.07,1,2016/4/1,1.004,1.004,2017/3/31,1.036,1.106,2016/3/15,1,0.15%,1,0.15%,1,1.50%
238,470007,汇添富上证综合指数,HTFSZZHZS,9.7744,,0,2016/4/1,0.931,1.041,2017/3/31,1.022,1.132,2009/7/1,1,0.10%,1,0.10%,1,1.00%
239,660008,农银沪深300指数A,NYHS300ZSA,9.6871,,0,2016/4/1,1.0354,1.0354,2017/3/31,1.1357,1.1357,2011/4/12,1,0.12%,1,0.12%,1,1.20%
240,1416,嘉实事件驱动股票,JSSJQDGP,9.6561,,0,2016/4/1,0.756,0.756,2017/3/31,0.829,0.829,2015/6/9,1,0.15%,1,0.15%,1,1.50%
241,481009,工银沪深300指数A,GYHS300ZSA,9.6383,,0,2016/4/1,0.9151,1.4122,2017/3/31,1.0033,1.5004,2009/3/5,1,0.12%,1,0.12%,1,1.20%
242,1186,富国文体健康股票A,FGWTJKGPA,9.6206,,0,2016/4/1,0.738,0.738,2017/3/31,0.809,0.809,2015/5/6,1,0.15%,1,0.15%,1,1.50%
243,312,华安沪深300增强A,HAHS300ZQA,9.5646,,0,2016/4/1,1.401,1.401,2017/3/31,1.535,1.535,2013/9/27,1,0.12%,1,0.12%,1,1.20%
244,162714,广发深证100指数(LOF)A,GFSZ100ZSLOFA,9.5342,,0,2016/4/1,0.9639,1.0831,2017/3/31,1.0295,1.1737,2012/5/7,1,0.12%,1,0.12%,1,1.20%
245,159919,嘉实沪深300ETF,JSHS300ETF,9.5156,,0,2016/4/1,3.4018,1.3002,2017/3/31,3.7255,1.424,2012/5/7,,,,,,
246,160135,南方中证高铁产业指数(LOF),NFZZGTCYZSLOF,9.4723,,0,2016/4/1,1.0394,0.5907,2017/3/31,1.0996,0.6467,2015/6/10,1,0.06%,1,0.06%,1,0.60%
247,40002,华安中国A股增强指数,HAZGAGZQZS,9.4535,,0,2016/4/1,0.677,3.291,2017/3/31,0.741,3.501,2002/11/8,1,0.15%,1,0.15%,1,1.50%
248,510210,上证综指ETF,SZZZETF,9.4448,,0,2016/4/1,3.314,1.134,2017/3/31,3.627,1.241,2011/1/30,,,,,,
249,519673,银河康乐股票,YHKLGP,9.4386,,0,2016/4/1,1.229,1.229,2017/3/31,1.345,1.345,2014/11/18,1,0.15%,1,0.15%,1,1.50%
250,165309,建信沪深300指数(LOF),JXHS300ZSLOF,9.4151,,0,2016/4/1,0.9506,0.9506,2017/3/31,1.0401,1.0401,2009/11/5,1,0.12%,1,0.12%,1,1.20%
251,1236,博时丝路主题股票A,BSSLZTGPA,9.396,,0,2016/4/1,0.745,0.745,2017/3/31,0.815,0.815,2015/5/22,1,0.15%,1,0.15%,1,1.50%
252,1291,大摩量化多策略股票,DMLHDCLGP,9.3851,,0,2016/4/1,0.927,0.927,2017/3/31,1.014,1.014,2015/6/2,1,0.15%,1,0.15%,1,1.50%
253,510270,中银上证国企100ETF,ZYSZGQ100ETF,9.3517,,0,2016/4/1,0.941,1.098,2017/3/31,1.029,1.201,2011/6/16,,,,,,
254,40180,华安上证180ETF联接A,HASZ180ETFLJA,9.3445,,0,2016/4/1,1.1258,1.1258,2017/3/31,1.231,1.231,2009/9/29,1,0.12%,1,0.12%,1,1.20%
255,160631,鹏华银行A,PHYHA,9.3102,,0,2016/4/1,0.817,0.832,2017/3/31,0.87,0.907,2015/4/17,1,0.12%,1,0.12%,1,1.20%
256,502020,国金上证50指数增强(LOF),GJSZ50ZSZQLOF,9.292,,0,2016/4/1,1.112,0.638,2017/3/31,1.19,,2015/5/27,1,0.12%,1,0.12%,1,1.20%
257,160706,嘉实沪深300ETF联接A,JSHS300ETFLJA,9.2829,,0,2016/4/1,0.8995,2.7675,2017/3/31,0.983,2.851,2005/8/29,1,0.15%,1,0.15%,1,1.50%
258,159933,国投瑞银金融地产ETF,GTRYJRDCETF,9.2107,,0,2016/4/1,1.4874,1.4874,2017/3/31,1.6244,1.6244,2013/9/17,,,,,,
259,510300,华泰柏瑞沪深300ETF,HTBRHS300ETF,9.2091,0.055,1,2016/4/1,3.2152,1.2546,2017/3/31,3.4548,1.3639,2012/5/4,,,,,,
260,519032,海富通上证非周期ETF联接,HFTSZFZQETFLJ,9.1977,,0,2016/4/1,1.022,1.022,2017/3/31,1.116,1.116,2011/4/27,1,0.12%,1,0.12%,1,1.20%
261,40190,华安上证龙头企业ETF联接A,HASZLTQYETFLJA,9.1531,,0,2016/4/1,1.169,1.169,2017/3/31,1.276,1.276,2010/11/18,1,0.12%,1,0.12%,1,1.20%
262,159938,广发中证全指医药卫生ETF,GFZZQZYYWSETF,9.1508,,0,2016/4/1,1.1988,1.1988,2017/3/31,1.3085,1.3085,2014/12/1,,,,,,
263,2332,汇丰晋信沪港深A,HFJXHGSA,9.15,,0,2016/11/10,1,1,2017/3/31,1.0915,1.0915,2016/11/10,6,0.15%,1,0.15%,1,1.50%
264,167601,国金沪深300指数增强,GJHS300ZSZQ,9.1047,,0,2016/4/1,0.8284,1.359,2017/3/31,0.878,1.4827,2013/7/26,1,0.12%,1,0.12%,1,1.20%
265,159940,广发中证全指金融地产ETF,GFZZQZJRDCETF,9.0848,,0,2016/4/1,0.7474,0.7474,2017/3/31,0.8153,0.8153,2015/3/23,,,,,,
266,313,华安沪深300增强C,HAHS300ZQC,9.0711,,0,2016/4/1,1.378,1.378,2017/3/31,1.503,1.503,2013/9/27,1,0.00%,,,,
267,168205,中融中证银行指数(LOF),ZRZZYHZSLOF,9.06,,0,2016/4/1,0.779,0.796,2017/3/31,0.822,0.866,2015/6/5,1,0.10%,1,0.10%,1,1.00%
268,519180,万家180指数,WJ180ZS,8.8996,,0,2016/4/1,0.7461,3.0861,2017/3/31,0.8125,3.1525,2003/3/15,1,0.15%,1,0.15%,1,1.50%
269,160616,鹏华中证500指数(LOF)A,PHZZ500ZSLOFA,8.8091,,0,2016/4/1,1.226,1.226,2017/3/31,1.334,1.334,2010/2/5,1,0.12%,1,0.12%,1,1.20%
270,2333,汇丰晋信沪港深C,HFJXHGSC,8.79,,0,2016/11/10,1,1,2017/3/31,1.0879,1.0879,2016/11/10,6,0.00%,,,,
271,519300,大成沪深300指数A,DCHS300ZSA,8.7834,,0,2016/4/1,0.9313,2.4376,2017/3/31,1.0131,2.5194,2006/4/6,1,0.12%,1,0.12%,1,1.20%
272,168203,中融国证钢铁行业指数(LOF),ZRGZGTHYZSLOF,8.7718,,0,2016/4/1,0.816,0.488,2017/3/31,0.859,0.53,2015/6/19,1,0.00%,,,,
273,1070,建信信息产业股票A,JXXXCYGPA,8.6592,,0,2016/4/1,1.074,1.074,2017/3/31,1.167,1.167,2015/3/24,1,0.15%,1,0.15%,1,1.50%
274,460300,华泰柏瑞沪深300ETF联接A,HTBRHS300ETFLJA,8.6472,,0,2016/4/1,1.4074,1.4074,2017/3/31,1.5291,1.5291,2012/5/29,1,0.10%,1,0.10%,1,1.00%
275,100053,富国上证指数ETF联接A,FGSZZSETFLJA,8.5125,,0,2016/4/1,1.116,1.116,2017/3/31,1.211,1.211,2011/1/30,1,0.15%,1,0.15%,1,1.50%
276,160418,华安中证银行指数A,HAZZYHZSA,8.4994,,0,2016/4/1,0.7564,0.7727,2017/3/31,0.7931,0.837,2015/6/9,1,0.12%,1,0.12%,1,1.20%
277,161811,银华沪深300指数(LOF),YHHS300ZSLOF,8.4563,,0,2016/4/1,0.818,1.0222,2017/3/31,0.863,,2009/10/14,1,0.12%,1,0.12%,1,1.20%
278,1180,广发医药卫生联接A,GFYYWSLJA,8.4464,,0,2016/4/1,0.7518,0.7518,2017/3/31,0.8153,0.8153,2015/5/6,1,0.12%,1,0.12%,1,1.20%
279,519117,浦银安盛基本面400指数,PYASJBM400ZS,8.4168,,0,2016/4/1,1.497,1.497,2017/3/31,1.623,1.623,2012/5/14,1,0.12%,1,0.12%,1,1.20%
280,510170,国联安上证商品ETF,GLASZSPETF,8.4043,,0,2016/4/1,1.642,0.509,2017/3/31,1.78,0.552,2010/11/26,,,,,,
281,510410,博时上证自然资源ETF,BSSZZRZYETF,8.2982,,0,2016/4/1,0.6399,0.6399,2017/3/31,0.693,0.693,2012/4/10,,,,,,
282,2903,广发中证500ETF联接C,GFZZ500ETFLJC,8.29,,0,2016/6/15,1,1,2017/3/31,1.0829,1.0829,2016/6/15,1,0.00%,,,,
283,780,鹏华医疗保健股票,PHYLBJGP,8.2203,,0,2016/4/1,1.18,1.18,2017/3/31,1.277,1.277,2014/9/23,1,0.15%,1,0.15%,1,1.50%
284,1193,中金消费升级,ZJXFSJ,8.2192,,0,2016/4/1,0.803,0.803,2017/3/31,0.869,0.869,2015/6/24,1,0.15%,1,0.15%,1,1.50%
285,110019,易方达深证100ETF联接A,YFDSZ100ETFLJA,8.1859,,0,2016/4/1,0.9553,0.9553,2017/3/31,1.0335,1.0335,2009/12/1,1,0.12%,1,0.12%,1,1.20%
286,510290,南方上证380ETF,NFSZ380ETF,8.1846,,0,2016/4/1,1.4845,1.4845,2017/3/31,1.606,1.606,2011/9/16,,,,,,
287,2987,广发沪深300ETF联接C,GFHS300ETFLJC,8.1624,,0,2016/7/6,1.4481,1.4481,2017/3/31,1.5663,1.5663,2016/7/6,1,0.00%,,,,
288,961,天弘沪深300ETF联接A,THHS300ETFLJA,8.1503,,0,2016/4/1,0.9288,0.9288,2017/3/31,1.0045,1.0045,2015/1/20,1,0.10%,1,0.10%,1,1.00%
289,240019,华宝中证银行ETF联接A,HBZZYHETFLJA,8.1476,,0,2016/4/1,1.301,1.301,2017/3/31,1.407,1.407,2011/8/9,1,0.10%,1,0.10%,1,1.00%
290,1126,上投摩根卓越制造股票A,STMGZYZZGPA,8.1203,,0,2016/4/1,0.665,0.665,2017/3/31,0.719,0.719,2015/4/14,1,0.15%,1,0.15%,1,1.50%
291,1064,广发中证环保ETF联接A,GFZZHBETFLJA,8.1096,,0,2016/4/1,0.7189,0.7189,2017/3/31,0.7772,0.7772,2015/3/25,1,0.12%,1,0.12%,1,1.20%
292,160628,鹏华中证800地产指数(LOF),PHZZ800DCZSLOF,8.0785,,0,2016/4/1,0.967,1.661,2017/3/31,1.022,1.709,2014/9/12,1,0.12%,1,0.12%,1,1.20%
293,696,汇添富环保行业股票,HTFHBHYGP,8.0521,,0,2016/4/1,1.304,1.304,2017/3/31,1.409,1.409,2014/9/16,1,0.15%,1,0.15%,1,1.50%
294,160807,长盛沪深300指数(LOF),CSHS300ZSLOF,8.0113,,0,2016/4/1,1.061,1.111,2017/3/31,1.146,1.196,2010/8/4,1,0.12%,1,0.12%,1,1.20%
295,202025,南方上证380ETF联接A,NFSZ380ETFLJA,7.9974,,0,2016/4/1,1.4092,1.4092,2017/3/31,1.5219,1.5219,2011/9/20,1,0.12%,1,0.12%,1,1.20%
296,512510,华泰柏瑞中证500ETF,HTBRZZ500ETF,7.9642,0.024,1,2016/4/1,1.2247,0.6089,2017/3/31,1.2971,0.6568,2015/5/13,,0.05%,,,,
297,161816,银华中证等权重90指数(LOF),YHZZDQZ90ZSLOF,7.9326,,0,2016/4/1,1.016,1.167,2017/3/31,1.071,1.197,2011/3/17,1,0.12%,1,0.12%,1,1.20%
298,159936,广发中证全指可选消费ETF,GFZZQZKXXFETF,7.8408,,0,2016/4/1,1.4871,1.4871,2017/3/31,1.6037,1.6037,2014/6/3,,,,,,
299,161227,国投瑞银深证100指数,GTRYSZ100ZS,7.8107,,0,2016/4/1,0.845,1.598,2017/3/31,0.911,1.723,2015/8/14,1,0.12%,1,0.12%,1,1.20%
300,1113,南方大数据100A,NFDSJ100A,7.7871,,0,2016/4/1,0.8193,0.8193,2017/3/31,0.8831,0.8831,2015/4/24,1,0.12%,1,0.12%,1,1.20%
301,257060,国联安上证商品ETF联接,GLASZSPETFLJ,7.7799,,0,2016/4/1,0.527,0.527,2017/3/31,0.568,0.568,2010/12/1,1,0.15%,1,0.15%,1,1.50%
302,163118,申万菱信中证申万医药生物指数(LOF)A,SWLXZZSWYYSWZSLOFA,7.7276,,0,2016/4/1,0.8516,0.8516,2017/3/31,0.8888,0.9174,2015/6/19,1,0.12%,1,0.12%,1,1.20%
303,700002,平安深证300指数增强,PASZ300ZSZQ,7.7031,,0,2016/4/1,1.428,1.508,2017/3/31,1.538,1.618,2011/12/20,1,0.12%,1,0.12%,1,1.20%
304,1594,天弘中证银行ETF联接A,THZZYHETFLJA,7.6147,,0,2016/4/1,0.9022,0.9022,2017/3/31,0.9709,0.9709,2015/7/8,1,0.10%,1,0.10%,1,1.00%
305,167301,方正富邦保险主题指数,FZFBBXZTZS,7.6115,,0,2016/4/1,0.926,0.935,2017/3/31,0.974,1.006,2015/7/31,1,0.08%,1,0.08%,1,0.80%
306,968,广发养老指数A,GFYLZSA,7.6072,,0,2016/4/1,0.9307,0.9307,2017/3/31,1.0015,1.0015,2015/2/13,1,0.12%,1,0.12%,1,1.20%
307,162107,金鹰先进制造股票(LOF)A,JYXJZZGPLOFA,7.5579,,0,2016/4/1,1.0508,1.8166,2017/3/31,1.0155,1.0155,2012/6/5,1,0.15%,1,0.15%,1,1.50%
308,592,建信改革红利股票,JXGGHLGP,7.5221,,0,2016/4/1,1.808,1.808,2017/3/31,1.944,1.944,2014/5/14,1,0.15%,1,0.15%,1,1.50%
309,2979,广发中证全指金融地产联接C,GFZZQZJRDCLJC,7.5036,,0,2016/7/6,0.8396,0.8396,2017/3/31,0.9026,0.9026,2016/7/6,1,0.00%,,,,
310,161726,招商国证生物医药指数(LOF)A,ZSGZSWYYZSLOFA,7.4851,,0,2016/4/1,0.961,0.618,2017/3/31,1.01,0.663,2015/5/27,1,0.10%,1,0.10%,1,1.00%
311,1072,华安智能装备主题股票A,HAZNZBZTGPA,7.461,,0,2016/4/1,0.898,0.898,2017/3/31,0.965,0.965,2015/4/24,1,0.15%,1,0.15%,1,1.50%
312,159922,嘉实中证500ETF,JSZZ500ETF,7.4143,,0,2016/4/1,6.0464,1.6953,2017/3/31,6.4947,1.821,2013/2/6,,,,,,
313,656,前海开源沪深300指数A,QHKYHS300ZSA,7.3826,,0,2016/4/1,1.043,1.293,2017/3/31,1.12,1.37,2014/6/17,1,0.12%,1,0.12%,1,1.20%
314,2510,申万菱信中证500指数增强A,SWLXZZ500ZSZQA,7.38,,0,2016/4/21,1,1,2017/3/31,1.0738,1.0738,2016/4/21,1,0.12%,1,0.12%,1,1.20%
315,1849,前海开源强势共识100强股票,QHKYQSGS100QGP,7.3696,,0,2016/4/1,0.882,0.882,2017/3/31,0.947,0.947,2015/12/10,1,0.15%,1,0.15%,1,1.50%
316,20021,国泰上证180金融ETF联接A,GTSZ180JRETFLJA,7.3669,,0,2016/4/1,1.3452,1.3452,2017/3/31,1.4443,1.4443,2011/3/31,1,0.12%,1,0.12%,1,1.20%
317,831,工银医疗保健股票,GYYLBJGP,7.365,,0,2016/4/1,1.222,1.222,2017/3/31,1.312,1.312,2014/11/18,1,0.15%,1,0.15%,1,1.50%
318,1595,天弘中证银行ETF联接C,THZZYHETFLJC,7.3564,,0,2016/4/1,0.8999,0.8999,2017/3/31,0.9661,0.9661,2015/7/8,1,0.00%,,,,
319,828,泰达转型机遇股票A,TDZXJYGPA,7.3384,,0,2016/4/1,0.804,1.024,2017/3/31,0.863,1.083,2014/11/18,1,0.12%,1,0.12%,1,1.20%
320,586,景顺长城中小创精选股票,JSCCZXCJXGP,7.3077,,0,2016/4/1,1.56,1.56,2017/3/31,1.674,1.674,2014/4/30,1,0.15%,1,0.15%,1,1.50%
321,3359,大成360互联网+大数据100C,DC360HLWDSJ100C,7.276,,0,2017/1/18,1.127,1,2017/3/31,1.209,1.209,2017/1/18,1,0.00%,,,,
322,1133,广发中证全指可选消费联接A,GFZZQZKXXFLJA,7.2533,,0,2016/4/1,0.7762,0.7762,2017/3/31,0.8325,0.8325,2015/4/15,1,0.12%,1,0.12%,1,1.20%
323,161604,融通深证100指数A,RTSZ100ZSA,7.2372,0.01,1,2016/4/1,1.212,2.58,2017/3/31,1.289,2.667,2003/9/30,1,0.15%,1,0.15%,1,1.50%
324,1008,工银国企改革股票,GYGQGGGP,7.2261,,0,2016/4/1,0.858,0.858,2017/3/31,0.92,0.92,2015/1/27,1,0.15%,1,0.15%,1,1.50%
325,360001,光大量化股票,GDLHGP,7.1778,0.02,1,2016/4/1,1.2893,3.313,2017/3/31,1.3602,3.4039,2004/8/27,1,0.15%,1,0.15%,1,1.50%
326,510230,国泰上证180金融ETF,GTSZ180JRETF,7.1123,,0,2016/4/1,4.9098,1.3944,2017/3/31,5.259,1.4936,2011/3/31,,,,,,
327,161122,易方达中证万得生物科技指数(LOF)A,YFDZZWDSWKJZSLOFA,7.0495,,0,2016/4/1,1.0017,0.6409,2017/3/31,1.0475,,2015/6/3,1,0.10%,1,0.10%,1,1.00%
328,160221,国泰国证有色金属行业指数(LOF),GTGZYSJSHYZSLOF,7.0327,,0,2016/4/1,1.0408,0.6982,2017/3/31,1.0857,0.7461,2015/3/30,1,0.00%,,,,
329,160635,鹏华中证医药卫生(LOF)A,PHZZYYWSLOFA,6.9379,,0,2016/4/1,0.85,0.857,2017/3/31,1.01,0.916,2015/8/17,1,0.12%,1,0.12%,1,1.20%
330,1214,华泰柏瑞中证500ETF联接A,HTBRZZ500ETFLJA,6.912,,0,2016/4/1,0.6033,0.6033,2017/3/31,0.645,0.645,2015/5/13,1,0.10%,1,0.10%,1,1.00%
331,399001,中海上证50指数增强,ZHSZ50ZSZQ,6.904,,0,2016/4/1,0.927,0.927,2017/3/31,0.991,0.991,2010/3/25,1,0.12%,1,0.12%,1,1.20%
332,4241,中欧时代先锋股票C,ZOSDXFGPC,6.8997,0.054,1,2017/1/19,1.0883,1.3003,2017/3/31,1.1098,1.1638,2017/1/19,1,0.00%,,,,
333,163114,申万菱信中证环保产业指数(LOF)A,SWLXZZHBCYZSLOFA,6.8708,,0,2016/4/1,0.9313,1.5642,2017/3/31,0.9689,1.6251,2014/5/30,1,0.12%,1,0.12%,1,1.20%
334,585001,东吴中证新兴指数,DWZZXXZS,6.8681,,0,2016/4/1,1.092,1.092,2017/3/31,1.167,1.167,2011/2/1,1,0.12%,1,0.12%,1,1.20%
335,8,嘉实中证500ETF联接A,JSZZ500ETFLJA,6.7783,,0,2016/4/1,1.6361,1.6361,2017/3/31,1.747,1.747,2013/3/22,1,0.12%,1,0.12%,1,1.20%
336,519034,海富通中证500增强A,HFTZZ500ZQA,6.7287,,0,2016/4/1,1.397,1.397,2017/3/31,1.491,1.491,2012/5/25,1,0.12%,1,0.12%,1,1.20%
337,166802,浙商沪深300指数增强(LOF)A,ZSHS300ZSZQLOFA,6.7258,,0,2016/4/1,1.084,1.194,2017/3/31,1.134,1.266,2012/5/7,1,0.15%,1,0.15%,1,1.50%
338,1469,广发中证全指金融地产联接A,GFZZQZJRDCLJA,6.6966,,0,2016/4/1,0.8452,0.8452,2017/3/31,0.9018,0.9018,2015/7/9,1,0.12%,1,0.12%,1,1.20%
339,160806,长盛同庆中证800(LOF),CSTQZZ800LOF,6.5669,,0,2016/4/1,1.203,1.109,2017/3/31,1.282,1.179,2009/5/12,1,0.12%,1,0.12%,1,1.20%
340,3986,申万菱信中证500指数优选增强A,SWLXZZ500ZSYXZQA,6.55,,0,2017/1/10,1,1,2017/3/31,1.0655,1.0655,2017/1/10,1,0.12%,1,0.12%,1,1.20%
341,827,广发百发100指数E,GFBF100ZSE,6.2975,,0,2016/4/1,0.921,1.281,2017/3/31,0.979,1.339,2014/10/30,1,0.06%,1,0.06%,1,0.60%
342,50024,博时上证自然资源ETF联接,BSSZZRZYETFLJ,6.2851,,0,2016/4/1,0.6412,0.6412,2017/3/31,0.6815,0.6815,2012/4/10,1,0.12%,1,0.12%,1,1.20%
343,549,华安大国新经济股票,HADGXJJGP,6.2847,,0,2016/4/1,1.623,1.623,2017/3/31,1.725,1.725,2014/4/14,1,0.15%,1,0.15%,1,1.50%
344,826,广发百发100指数A,GFBF100ZSA,6.2838,,0,2016/4/1,0.923,1.283,2017/3/31,0.981,1.341,2014/10/30,1,0.12%,1,0.12%,1,1.20%
345,162907,泰信中证锐联基本面400指数(LOF),TXZZRLJBM400ZSLOF,6.2787,,0,2016/4/1,0.741,1.622,2017/3/31,0.762,1.715,2012/9/7,1,0.12%,1,0.12%,1,1.20%
346,160219,国泰国证医药卫生行业指数A,GTGZYYWSHYZSA,6.2607,,0,2016/4/1,0.7601,1.3873,2017/3/31,0.7797,1.4344,2013/8/29,1,0.10%,1,0.10%,1,1.00%
347,370023,上投摩根中证消费服务指数,STMGZZXFFWZS,6.2147,,0,2016/4/1,1.239,1.419,2017/3/31,1.316,1.496,2012/9/25,1,0.12%,1,0.12%,1,1.20%
348,1588,天弘中证800指数A,THZZ800ZSA,6.1714,,0,2016/4/1,0.7713,0.7713,2017/3/31,0.8189,0.8189,2015/7/16,1,0.10%,1,0.10%,1,1.00%
349,884,民生加银优选股票,MSJYYXGP,6.163,,0,2016/4/1,1.006,1.006,2017/3/31,1.068,1.068,2014/12/19,1,0.15%,1,0.15%,1,1.50%
350,161812,银华深证100指数(LOF),YHSZ100ZSLOF,6.0468,,0,2016/4/1,0.899,1.067,2017/3/31,0.93,1.121,2010/5/7,1,0.12%,1,0.12%,1,1.20%
351,165521,信诚中证800金融(LOF)A,XCZZ800JRLOFA,6.0057,,0,2016/4/1,0.889,1.523,2017/3/31,0.919,1.576,2013/12/20,1,0.12%,1,0.12%,1,1.20%
352,2977,广发中证全指可选消费联接C,GFZZQZKXXFLJC,5.9982,,0,2016/7/6,0.7869,0.7869,2017/3/31,0.8341,0.8341,2016/7/6,1,0.00%,,,,
353,1166,建信环保产业股票,JXHBCYGP,5.9459,,0,2016/4/1,0.74,0.74,2017/3/31,0.784,0.784,2015/4/22,1,0.15%,1,0.15%,1,1.50%
354,1589,天弘中证800指数C,THZZ800ZSC,5.9106,,0,2016/4/1,0.7698,0.7698,2017/3/31,0.8153,0.8153,2015/7/16,1,0.00%,,,,
355,160119,南方中证500ETF联接A,NFZZ500ETFLJA,5.8835,,0,2016/4/1,1.477,1.577,2017/3/31,1.5639,1.6639,2009/9/25,1,0.12%,1,0.12%,1,1.20%
356,159901,易方达深证100ETF,YFDSZ100ETF,5.8429,,0,2016/4/1,3.9364,3.8515,2017/3/31,4.1664,4.0699,2006/3/24,,0.05%,,,,
357,1009,上投摩根安全战略股票A,STMGAQZLGPA,5.8231,,0,2016/4/1,0.893,0.893,2017/3/31,0.945,0.945,2015/2/26,1,0.15%,1,0.15%,1,1.50%
358,913,农银医疗保健股票,NYYLBJGP,5.7776,,0,2016/4/1,0.9935,0.9935,2017/3/31,1.0509,1.0509,2015/2/10,1,0.15%,1,0.15%,1,1.50%
359,164401,前海开源中证健康产业指数,QHKYZZJKCYZS,5.7457,,0,2016/4/1,0.972,0.997,2017/3/31,0.998,1.053,2015/4/16,1,0.12%,1,0.12%,1,1.20%
360,510440,大成中证500沪市ETF,DCZZ500HSETF,5.7271,,0,2016/4/1,1.781,1.781,2017/3/31,1.883,1.883,2012/8/24,,,,,,
361,3015,中金沪深300A,ZJHS300A,5.7,,0,2016/7/22,1,1,2017/3/31,1.057,1.057,2016/7/22,1,0.10%,1,0.10%,1,1.00%
362,2076,浙商中证500指数增强A,ZSZZ500ZSZQA,5.69,,0,2016/5/11,1,1,2017/3/31,1.0569,1.0569,2016/5/11,1,0.15%,1,0.15%,1,1.50%
363,501011,汇添富中证中药指数(LOF)A,HTFZZZYZSLOFA,5.66,,0,2016/12/29,1,1,2017/3/31,1.0566,1.0566,2016/12/29,1,0.10%,1,0.10%,1,1.00%
364,510220,华泰柏瑞上证中小盘ETF,HTBRSZZXPETF,5.65,,0,2016/4/1,3.8,1.049,2017/3/31,4.0147,1.1079,2011/1/26,,,,,,
365,510650,上证金融地产发起式ETF,SZJRDCFQSETF,5.6473,,0,2016/4/1,1.3989,1.3989,2017/3/31,1.4779,1.4779,2013/3/28,,,,,,
366,2595,博时工业4.0主题股票,BSGY40ZTGP,5.6,,0,2016/6/8,1,1,2017/3/31,1.056,1.056,2016/6/8,1,0.15%,1,0.15%,1,1.50%
367,510560,国寿安保中证500ETF,GSABZZ500ETF,5.5754,,0,2016/4/1,1.2609,0.5838,2017/3/31,1.3312,0.6164,2015/5/29,,,,,,
368,501012,汇添富中证中药指数(LOF)C,HTFZZZYZSLOFC,5.57,,0,2016/12/29,1,1,2017/3/31,1.0557,1.0557,2016/12/29,1,0.00%,,,,
369,1583,安信新常态股票A,AXXCTGPA,5.5556,,0,2016/4/1,0.99,0.99,2017/3/31,1.045,1.045,2015/8/7,1,0.15%,1,0.15%,1,1.50%
370,164811,工银中证京津冀协同发展指数A,GYZZJJJXTFZZSA,5.4586,,0,2016/4/1,1.2036,1.2902,2017/3/31,1.2402,1.3549,2012/10/25,1,0.10%,1,0.10%,1,1.00%
371,510500,南方中证500ETF,NFZZ500ETF,5.377,,0,2016/4/1,6.3604,1.783,2017/3/31,6.7024,1.8788,2013/2/6,,,,,,
372,688,景顺长城研究精选股票,JSCCYJJXGP,5.3737,,0,2016/4/1,1.191,1.211,2017/3/31,1.255,1.275,2014/8/12,1,0.15%,1,0.15%,1,1.50%
373,160639,鹏华中证高铁产业指数(LOF),PHZZGTCYZSLOF,5.3627,,0,2016/4/1,0.813,0.481,2017/3/31,0.824,0.505,2015/5/27,1,0.12%,1,0.12%,1,1.20%
374,1054,工银新金融股票A,GYXJRGPA,5.3571,,0,2016/4/1,0.896,0.896,2017/3/31,0.944,0.944,2015/3/19,1,0.15%,1,0.15%,1,1.50%
375,1781,建信现代服务业股票,JXXDFWYGP,5.2684,,0,2016/4/1,1.006,1.006,2017/3/31,1.059,1.059,2016/2/23,1,0.15%,1,0.15%,1,1.50%
376,160814,长盛中证金融地产指数(LOF),CSZZJRDCZSLOF,5.2375,,0,2016/4/1,0.731,0.731,2017/3/31,0.73,,2015/6/16,1,0.12%,1,0.12%,1,1.20%
377,502040,长盛上证50指数(LOF),CSSZ50ZSLOF,5.1976,,0,2016/4/1,0.935,0.935,2017/3/31,0.949,,2015/8/13,1,0.12%,1,0.12%,1,1.20%
378,510510,广发中证500ETF,GFZZ500ETF,5.1882,,0,2016/4/1,1.6788,1.6788,2017/3/31,1.7659,1.7659,2013/4/11,,,,,,
379,1877,宝盈国家安全沪港深股票A,BYGJAQHGSGPA,5.1859,,0,2016/4/1,1.022,1.022,2017/3/31,1.075,1.075,2016/1/20,1,0.15%,1,0.15%,1,1.50%
380,510110,海富通上证周期ETF,HFTSZZQETF,5.1441,,0,2016/4/1,2.916,1.17,2017/3/31,3.066,1.23,2010/9/19,,,,,,
381,290010,泰信中证200指数,TXZZ200ZS,5.1,,0,2016/4/1,1,1.02,2017/3/31,1.051,1.071,2011/6/9,1,0.12%,1,0.12%,1,1.20%
382,512500,华夏中证500ETF,HXZZ500ETF,5.0853,,0,2016/4/1,2.9398,0.6435,2017/3/31,3.0893,0.6762,2015/5/5,,0.05%,,,,
383,162711,广发中证500ETF联接A,GFZZ500ETFLJA,5.0558,,0,2016/4/1,1.2817,1.2817,2017/3/31,1.3465,1.3465,2009/11/26,1,0.12%,1,0.12%,1,1.20%
384,399011,中海医疗保健主题股票,ZHYLBJZTGP,4.996,,0,2016/4/1,1.261,1.671,2017/3/31,1.324,1.734,2012/3/7,1,0.15%,1,0.15%,1,1.50%
385,160919,大成产业升级股票(LOF),DCCYSJGPLOF,4.9864,,0,2016/4/1,1.103,3.089,2017/3/31,1.158,3.144,2014/12/26,1,0.15%,1,0.15%,1,1.50%
386,164304,新华中证环保产业指数,XHZZHBCYZS,4.9571,,0,2016/4/1,1.104,1.162,2017/3/31,1.131,1.22,2014/9/11,1,0.10%,1,0.10%,1,1.00%
387,159930,汇添富中证能源ETF,HTFZZNYETF,4.9569,,0,2016/4/1,0.7888,0.7888,2017/3/31,0.8279,0.8279,2013/8/23,,0.05%,,,,
388,1241,国寿安保中证500ETF联接,GSABZZ500ETFLJ,4.9313,,0,2016/4/1,0.5678,0.5678,2017/3/31,0.5958,0.5958,2015/5/29,1,0.12%,1,0.12%,1,1.20%
389,206012,鹏华价值精选股票,PHJZJXGP,4.8762,,0,2016/4/1,1.292,1.292,2017/3/31,1.355,1.355,2012/4/16,1,0.15%,1,0.15%,1,1.50%
390,3016,中金中证500A,ZJZZ500A,4.84,,0,2016/7/22,1,1,2017/3/31,1.0484,1.0484,2016/7/22,1,0.10%,1,0.10%,1,1.00%
391,3876,华宝沪深300指数增强A,HBHS300ZSZQA,4.73,,0,2016/12/9,1,1,2017/3/31,1.0473,1.0473,2016/12/9,1,0.12%,1,0.12%,1,1.20%
392,2982,广发养老指数C,GFYLZSC,4.6587,,0,2016/7/6,0.9552,0.9552,2017/3/31,0.9997,0.9997,2016/7/6,1,0.00%,,,,
393,793,工银高端制造股票,GYGDZZGP,4.6278,,0,2016/4/1,0.994,0.994,2017/3/31,1.04,1.04,2014/10/22,1,0.15%,1,0.15%,1,1.50%
394,761,国富健康优质生活股票,GFJKYZSHGP,4.5977,,0,2016/4/1,1.044,1.044,2017/3/31,1.092,1.092,2014/9/23,1,0.15%,1,0.15%,1,1.50%
395,163821,中银沪深300等权重指数,ZYHS300DQZZS,4.5944,,0,2016/4/1,1.393,1.393,2017/3/31,1.457,1.457,2012/5/17,1,0.12%,1,0.12%,1,1.20%
396,962,天弘中证500ETF联接A,THZZ500ETFLJA,4.5607,,0,2016/4/1,0.9867,0.9867,2017/3/31,1.0317,1.0317,2015/1/20,1,0.10%,1,0.10%,1,1.00%
397,1052,华夏中证500ETF联接A,HXZZ500ETFLJA,4.5031,,0,2016/4/1,0.644,0.644,2017/3/31,0.673,0.673,2015/5/5,1,0.12%,1,0.12%,1,1.20%
398,594,大摩进取优选股票,DMJQYXGP,4.4459,,0,2016/4/1,1.507,1.507,2017/3/31,1.574,1.574,2014/5/29,1,0.15%,1,0.15%,1,1.50%
399,59,国联安中证医药100A,GLAZZYY100A,4.3149,0.56,1,2016/4/1,1.465,1.465,2017/3/31,0.996,1.556,2013/8/21,1,0.12%,1,0.12%,1,1.20%
400,512,国泰沪深300指数增强A,GTHS300ZSZQA,4.2874,,0,2016/4/1,1.656,1.656,2017/3/31,1.727,1.727,2014/5/19,1,0.10%,1,0.10%,1,1.00%
401,512640,嘉实中证金融地产ETF,JSZZJRDCETF,4.2308,,0,2016/4/1,1.586,1.586,2017/3/31,1.6531,1.6531,2014/6/20,,,,,,
402,512660,国泰中证军工ETF,GTZZJGETF,4.22,,0,2016/7/26,1,1,2017/3/31,1.0422,1.0422,2016/7/26,,,,,,
403,1171,工银养老产业股票A,GYYLCYGPA,4.1602,,0,2016/4/1,0.649,0.649,2017/3/31,0.676,0.676,2015/4/28,1,0.15%,1,0.15%,1,1.50%
404,162510,国联安中小综指(LOF),GLAZXZZLOF,4.0246,0.72,1,2016/4/1,1.733,1.801,2017/3/31,1.064,1.852,2012/3/23,1,0.12%,1,0.12%,1,1.20%
405,164905,交银国证新能源指数(LOF)A,JYGZXNYZSLOFA,3.9982,,0,2016/4/1,0.817,0.831,2017/3/31,0.82,0.865,2015/3/26,1,0.12%,1,0.12%,1,1.20%
406,2978,广发医药卫生联接C,GFYYWSLJC,3.9606,,0,2016/7/6,0.7827,0.7827,2017/3/31,0.8137,0.8137,2016/7/6,1,0.00%,,,,
407,2871,华夏智胜价值成长A,HXZSJZCZA,3.93,,0,2016/8/9,1,1,2017/3/31,1.0393,1.0393,2016/8/9,1,0.15%,1,0.15%,1,1.50%
408,519027,海富通上证周期ETF联接,HFTSZZQETFLJ,3.8095,,0,2016/4/1,1.05,1.05,2017/3/31,1.09,1.09,2010/9/28,1,0.12%,1,0.12%,1,1.20%
409,3548,泰达宏利沪深300指数增强C,TDHLHS300ZSZQC,3.7783,,0,2017/2/9,1.2069,1.2069,2017/3/31,1.2525,1.2525,2017/2/9,1,0.00%,,,,
410,1550,天弘中证医药100A,THZZYY100A,3.7653,,0,2016/4/1,0.7277,0.7277,2017/3/31,0.7551,0.7551,2015/6/30,1,0.10%,1,0.10%,1,1.00%
411,233010,大摩深证300指数增强,DMSZ300ZSZQ,3.7589,,0,2016/4/1,1.41,1.41,2017/3/31,1.463,1.463,2011/11/15,1,0.12%,1,0.12%,1,1.20%
412,160225,国泰国证新能源汽车指数A,GTGZXNYQCZSA,3.6787,,0,2016/4/1,0.965,1.4934,2017/3/31,1.0005,1.0005,2015/8/27,1,0.12%,1,0.12%,1,1.20%
413,510680,万家上证50ETF,WJSZ50ETF,3.6196,,0,2016/4/1,1.7654,1.7654,2017/3/31,1.8293,1.8293,2013/10/31,,,,,,
414,320014,诺安沪深300指数增强A,NAHS300ZSZQA,3.6044,,0,2016/4/1,1.082,1.082,2017/3/31,1.121,1.121,2011/4/7,1,0.12%,1,0.12%,1,1.20%
415,1551,天弘中证医药100C,THZZYY100C,3.5813,,0,2016/4/1,0.726,0.726,2017/3/31,0.752,0.752,2015/6/30,1,0.00%,,,,
416,1726,汇添富新兴消费股票A,HTFXXXFGPA,3.5599,,0,2016/4/1,0.927,0.927,2017/3/31,0.96,0.96,2015/12/2,1,0.15%,1,0.15%,1,1.50%
417,1167,金鹰科技创新股票,JYKJCXGP,3.5494,,0,2016/4/1,0.648,0.648,2017/3/31,0.671,0.671,2015/4/30,1,0.15%,1,0.15%,1,1.50%
418,1351,诺安中证500指数增强A,NAZZ500ZSZQA,3.5079,,0,2016/4/1,0.8438,0.8438,2017/3/31,0.8734,0.8734,2015/6/9,1,0.12%,1,0.12%,1,1.20%
419,2063,国泰沪深300指数增强C,GTHS300ZSZQC,3.5045,,0,2016/4/1,1.655,1.655,2017/3/31,1.713,1.713,2015/11/16,1,0.00%,,,,
420,660011,农银中证500指数,NYZZ500ZS,3.5006,,0,2016/4/1,1.5683,1.5683,2017/3/31,1.6232,1.6232,2011/11/29,1,0.15%,1,0.15%,1,1.50%
421,1733,泰达宏利量化股票,TDHLLHGP,3.5,,0,2016/8/30,1,1,2017/3/31,1.035,1.035,2016/8/30,1,0.12%,1,0.12%,1,1.20%
422,1539,嘉实中证金融地产ETF联接A,JSZZJRDCETFLJA,3.4797,,0,2016/4/1,1.0547,1.0547,2017/3/31,1.0914,1.0914,2015/8/6,1,0.12%,1,0.12%,1,1.20%
423,746,招商行业精选股票基金,ZSHYJXGPJJ,3.4749,,0,2016/4/1,1.295,1.295,2017/3/31,1.34,1.34,2014/9/3,1,0.15%,1,0.15%,1,1.50%
424,950,易方达沪深300非银联接A,YFDHS300FYLJA,3.4487,,0,2016/4/1,0.7336,0.7336,2017/3/31,0.7589,0.7589,2015/1/22,1,0.10%,1,0.10%,1,1.00%
425,1162,前海开源优势蓝筹股票A,QHKYYSLCGPA,3.4014,,0,2016/4/1,0.882,0.882,2017/3/31,0.912,0.912,2015/4/28,1,0.15%,1,0.15%,1,1.50%
426,1490,汇添富国企创新股票A,HTFGQCXGPA,3.3843,,0,2016/4/1,0.916,0.916,2017/3/31,0.947,0.947,2015/7/10,1,0.15%,1,0.15%,1,1.50%
427,460220,华泰柏瑞上证中小盘ETF联接,HTBRSZZXPETFLJ,3.3529,,0,2016/4/1,1.02,1.02,2017/3/31,1.0542,1.0542,2011/1/26,1,0.15%,1,0.15%,1,1.50%
428,159935,景顺长城中证500ETF,JSCCZZ500ETF,3.3186,,0,2016/4/1,1.6061,1.6061,2017/3/31,1.6594,1.6594,2013/12/26,,,,,,
429,160626,鹏华信息A,PHXXA,3.2972,,0,2016/4/1,1.127,1.672,2017/3/31,1.141,1.691,2014/5/5,1,0.12%,1,0.12%,1,1.20%
430,2984,广发中证环保ETF联接C,GFZZHBETFLJC,3.2473,,0,2016/7/6,0.7514,0.7514,2017/3/31,0.7758,0.7758,2016/7/6,1,0.00%,,,,
431,161612,融通深证成份指数A,RTSZCFZSA,3.1745,,0,2016/4/1,0.819,0.829,2017/3/31,0.845,0.855,2010/11/15,1,0.12%,1,0.12%,1,1.20%
432,1692,南方国策动力,NFGCDL,3.1658,,0,2016/4/1,1.074,1.104,2017/3/31,1.108,1.138,2015/8/26,1,0.15%,1,0.15%,1,1.50%
433,2697,中欧消费主题股票C,ZOXFZTGPC,3.1,,0,2016/7/22,1,1,2017/3/31,1.031,1.031,2016/7/22,1,0.00%,,,,
434,1638,前海开源优势蓝筹股票C,QHKYYSLCGPC,3.0801,,0,2016/4/1,0.974,0.974,2017/3/31,1.004,1.004,2015/7/6,1,0.00%,,0.00%,0,1.50%
435,340006,兴全全球视野股票,XQQQSYGP,3.0382,,0,2016/4/1,1.5766,4.3226,2017/3/31,1.6245,4.3705,2006/9/20,1,0.15%,1,0.15%,1,1.50%
436,159932,大成中证500深市ETF,DCZZ500SSETF,3.0304,,0,2016/4/1,1.782,1.51,2017/3/31,1.836,1.555,2013/9/12,,,,,,
437,512070,易方达沪深300非银ETF,YFDHS300FYETF,2.9773,,0,2016/4/1,1.6223,1.6223,2017/3/31,1.6706,1.6706,2014/6/26,,0.05%,,,,
438,326,南方中小盘成长股票,NFZXPCZGP,2.8827,,0,2016/4/1,1.006,1.006,2017/3/31,1.035,1.035,2015/10/28,1,0.15%,1,0.15%,1,1.50%
439,164809,工银中证500ETF联接A,GYZZ500ETFLJA,2.8003,,0,2016/4/1,1.3024,1.405,2017/3/31,1.3187,1.4413,2012/1/31,1,0.10%,1,0.10%,1,1.00%
440,159907,广发中小企业300ETF,GFZXQY300ETF,2.7057,,0,2016/4/1,1.4118,1.2827,2017/3/31,1.45,1.3174,2011/6/3,,,,,,
441,165806,东吴沪深300指数A,DWHS300ZSA,2.6436,,0,2016/4/1,1.097,1.097,2017/3/31,1.126,1.126,2012/3/9,1,0.12%,1,0.12%,1,1.20%
442,1915,宝盈医疗健康沪港深股票,BYYLJKHGSGP,2.619,,0,2016/4/1,0.84,0.84,2017/3/31,0.862,0.862,2015/12/2,1,0.15%,1,0.15%,1,1.50%
443,1617,天弘中证电子ETF联接A,THZZDZETFLJA,2.6098,,0,2016/4/1,0.8698,0.8698,2017/3/31,0.8925,0.8925,2015/7/29,1,0.10%,1,0.10%,1,1.00%
444,519935,长信创新驱动股票,CXCXQDGP,2.6,,0,2016/9/29,1,1,2017/3/31,1.026,1.026,2016/9/29,1,0.15%,1,0.15%,1,1.50%
445,202017,南方深证成份ETF联接A,NFSZCFETFLJA,2.5619,,0,2016/4/1,0.8314,0.8314,2017/3/31,0.8527,0.8527,2009/12/9,1,0.12%,1,0.12%,1,1.20%
446,159931,汇添富中证金融地产ETF,HTFZZJRDCETF,2.5277,,0,2016/4/1,1.4282,1.4282,2017/3/31,1.4643,1.4643,2013/8/23,,0.05%,,,,
447,162413,华宝中证1000指数,HBZZ1000ZS,2.4804,,0,2016/4/1,0.819,0.484,2017/3/31,0.8116,0.4957,2015/6/4,1,0.10%,1,0.10%,1,1.00%
448,2621,中欧消费主题股票A,ZOXFZTGPA,2.4,,0,2016/7/22,1,1,2017/3/31,1.024,1.024,2016/7/22,1,0.15%,1,0.15%,1,1.50%
449,1618,天弘中证电子ETF联接C,THZZDZETFLJC,2.3859,,0,2016/4/1,0.8676,0.8676,2017/3/31,0.8883,0.8883,2015/7/29,1,0.00%,,,,
450,270026,广发中小企业300ETF联接A,GFZXQY300ETFLJA,2.329,,0,2016/4/1,1.1722,1.1722,2017/3/31,1.1995,1.1995,2011/6/9,1,0.12%,1,0.12%,1,1.20%
451,161118,易方达中小企业100(LOF)A,YFDZXQY100LOFA,2.2045,,0,2016/4/1,1.0379,1.5189,2017/3/31,1.0253,,2012/9/20,1,0.12%,1,0.12%,1,1.20%
452,3366,浙商汇金中证转型成长指数,ZSHJZZZXCZZS,2.2,,0,2016/12/19,1,1,2017/3/31,1.022,1.022,2016/12/19,1,0.15%,1,0.15%,1,1.50%
453,1482,上投摩根新兴服务股票,STMGXXFWGP,2.1645,,0,2016/4/1,0.924,0.924,2017/3/31,0.944,0.944,2015/8/6,1,0.15%,1,0.15%,1,1.50%
454,1556,天弘中证500指数增强A,THZZ500ZSZQA,2.1534,,0,2016/4/1,0.7616,0.7616,2017/3/31,0.778,0.778,2015/6/30,1,0.15%,1,0.15%,1,1.50%
455,1036,嘉实企业变革股票,JSQYBGGP,2.1088,,0,2016/4/1,0.901,0.901,2017/3/31,0.92,0.92,2015/2/12,1,0.15%,1,0.15%,1,1.50%
456,161123,易方达中证万得并购重组(LOF),YFDZZWDBGCZLOF,2.0223,,0,2016/4/1,0.9448,0.551,2017/3/31,0.939,,2015/6/3,1,0.10%,1,0.10%,1,1.00%
457,164205,天弘文化新兴产业股票A,THWHXXCYGPA,2.011,,0,2016/4/1,1.094,1.272,2017/3/31,1.116,1.298,2010/8/12,1,0.15%,1,0.15%,1,1.50%
458,1455,景顺长城中证500ETF联接,JSCCZZ500ETFLJ,1.99,,0,2016/4/1,0.804,0.804,2017/3/31,0.82,0.82,2015/6/29,1,0.12%,1,0.12%,1,1.20%
459,3053,嘉实文体娱乐股票A,JSWTYLGPA,1.9,,0,2016/9/7,1,1,2017/3/31,1.019,1.019,2016/9/7,1,0.15%,1,0.15%,1,1.50%
460,1557,天弘中证500指数增强C,THZZ500ZSZQC,1.896,,0,2016/4/1,0.7595,0.7595,2017/3/31,0.7739,0.7739,2015/6/30,1,0.00%,,,,
461,510580,易方达中证500ETF,YFDZZ500ETF,1.8497,,0,2016/4/1,6.4659,0.9963,2017/3/31,6.5855,1.0148,2015/8/27,,,,,,
462,501029,华宝标普中国A股红利机会指数A,HBBPZGAGHLJHZSA,1.74,,0,2017/1/18,1,1,2017/3/31,1.0174,1.0174,2017/1/18,1,0.10%,1,0.10%,1,1.00%
463,159902,华夏中小企业100ETF,HXZXQY100ETF,1.6656,,0,2016/4/1,3.182,3.302,2017/3/31,3.235,3.355,2006/6/8,,1.50%,,,,
464,1245,工银生态环境股票A,GYSTHJGPA,1.6166,,0,2016/4/1,0.866,0.866,2017/3/31,0.88,0.88,2015/6/2,1,0.15%,1,0.15%,1,1.50%
465,160218,国泰国证房地产行业指数A,GTGZFDCHYZSA,1.6124,,0,2016/4/1,0.7601,1.8672,2017/3/31,0.7449,1.8795,2013/2/6,1,0.10%,1,0.10%,1,1.00%
466,512580,广发中证环保ETF,GFZZHBETF,1.59,,0,2017/1/25,1,1,2017/3/31,1.0159,1.0159,2017/1/25,,,,,,
467,502003,易方达中证军工(LOF)A,YFDZZJGLOFA,1.5501,,0,2016/4/1,1.1186,0.7412,2017/3/31,1.1255,,2015/7/8,1,0.10%,1,0.10%,1,1.00%
468,1230,鹏华医药科技,PHYYKJ,1.5267,,0,2016/4/1,0.524,0.524,2017/3/31,0.532,0.532,2015/6/2,1,0.15%,1,0.15%,1,1.50%
469,3054,嘉实文体娱乐股票C,JSWTYLGPC,1.5,,0,2016/9/7,1,1,2017/3/31,1.015,1.015,2016/9/7,1,0.00%,,,,
470,1042,华夏领先股票,HXLXGP,1.4825,,0,2016/4/1,0.742,0.742,2017/3/31,0.753,0.753,2015/5/15,1,0.15%,1,0.15%,1,1.50%
471,159903,南方深证成份ETF,NFSZCFETF,1.4717,,0,2016/4/1,1.1008,0.8122,2017/3/31,1.117,0.8242,2009/12/4,,,,,,
472,512880,国泰中证全指证券公司ETF,GTZZQZZQGSETF,1.45,,0,2016/7/26,1,1,2017/3/31,1.0145,1.0145,2016/7/26,,,,,,
473,4343,南方创业板ETF联接C,NFCYBETFLJC,1.4165,,0,2017/2/23,0.9107,0.9107,2017/3/31,0.9236,0.9236,2017/2/23,1,0.00%,,,,
474,2387,工银沪港深股票A,GYHGSGPA,1.3,,0,2016/4/20,1,1,2017/3/31,1.013,1.013,2016/4/20,6,0.15%,1,0.15%,1,1.50%
475,3475,前海联合沪深300指数A,QHLHHS300ZSA,1.25,,0,2016/11/30,1,1,2017/3/31,1.0125,1.0125,2016/11/30,1,0.12%,1,0.12%,1,1.20%
476,159912,汇添富深证300ETF,HTFSZ300ETF,1.1893,,0,2016/4/1,1.2865,1.2865,2017/3/31,1.3018,1.3018,2011/9/16,,,,,,
477,673090,西部利得个股精选股票A,XBLDGGJXGPA,1.18,,0,2017/1/23,1,1,2017/3/31,1.0118,1.0118,2017/1/23,1,0.12%,1,0.12%,1,1.20%
478,1899,东海社会安全,DHSHAQ,1.1553,,0,2016/4/1,0.779,0.779,2017/3/31,0.788,0.788,2015/11/23,1,0.12%,1,0.12%,1,1.20%
479,971,诺安新经济股票,NAXJJGP,1.1111,,0,2016/4/1,0.99,0.99,2017/3/31,1.001,1.001,2015/1/26,1,0.15%,1,0.15%,1,1.50%
480,470068,汇添富深证300ETF联接,HTFSZ300ETFLJ,1.0408,,0,2016/4/1,1.3259,1.3259,2017/3/31,1.3397,1.3397,2011/9/28,1,0.10%,1,0.10%,1,1.00%
481,4347,南方中证500信息技术联接C,NFZZ500XXJSLJC,1.0178,,0,2017/2/23,0.9334,0.9334,2017/3/31,0.9429,0.9429,2017/2/23,1,0.00%,,,,
482,512680,广发中证军工ETF,GFZZJGETF,1.01,,0,2016/8/30,1,1,2017/3/31,1.0101,1.0101,2016/8/30,,0.05%,,,,
483,1766,上投摩根医疗健康股票A,STMGYLJKGPA,0.9768,,0,2016/4/1,0.819,0.819,2017/3/31,0.827,0.827,2015/10/21,1,0.15%,1,0.15%,1,1.50%
484,161028,富国中证新能源汽车指数(LOF)A,FGZZXNYQCZSLOFA,0.8932,,0,2016/4/1,0.878,0.899,2017/3/31,0.86,0.906,2015/3/30,1,0.12%,1,0.12%,1,1.20%
485,501009,汇添富中证生物科技指数A,HTFZZSWKJZSA,0.86,,0,2016/12/22,1,1,2017/3/31,1.0086,1.0086,2016/12/22,1,0.10%,1,0.10%,1,1.00%
486,1158,工银新材料新能源股票,GYXCLXNYGP,0.8475,,0,2016/4/1,0.708,0.708,2017/3/31,0.714,0.714,2015/4/28,1,0.15%,1,0.15%,1,1.50%
487,163109,申万菱信深证成份指数(LOF)A,SWLXSZCFZSLOFA,0.8446,,0,2016/4/1,0.6065,0.7618,2017/3/31,0.5888,0.7666,2010/10/22,1,0.12%,1,0.12%,1,1.20%
488,3884,汇安沪深300指数增强A,HAHS300ZSZQA,0.84,,0,2017/1/25,1,1,2017/3/31,1.0084,1.0084,2017/1/25,1,0.12%,1,0.12%,1,1.20%
489,3885,汇安沪深300指数增强C,HAHS300ZSZQC,0.83,,0,2017/1/25,1,1,2017/3/31,1.0083,1.0083,2017/1/25,1,0.00%,,,,
490,3298,嘉实物流产业股票A,JSWLCYGPA,0.8,,0,2016/12/29,1,1,2017/3/31,1.008,1.008,2016/12/29,1,0.15%,1,0.15%,1,1.50%
491,803,工银研究精选股票,GYYJJXGP,0.7746,,0,2016/4/1,1.291,1.291,2017/3/31,1.301,1.301,2014/10/23,1,0.15%,1,0.15%,1,1.50%
492,501010,汇添富中证生物科技指数C,HTFZZSWKJZSC,0.77,,0,2016/12/22,1,1,2017/3/31,1.0077,1.0077,2016/12/22,1,0.00%,,,,
493,161718,招商沪深300高贝塔,ZSHS300GBT,0.7361,,0,2016/4/1,0.766,1.337,2017/3/31,0.747,1.343,2013/8/1,1,0.10%,1,0.10%,1,1.00%
494,160516,博时中证全指证券公司指数(LOF),BSZZQZZQGSZSLOF,0.7046,,0,2016/4/1,1.0884,0.689,2017/3/31,1.0732,0.6939,2015/5/19,1,0.10%,1,0.10%,1,1.00%
495,513,富国高端制造行业股票A,FGGDZZHYGPA,0.636,,0,2016/4/1,1.415,1.415,2017/3/31,1.424,1.424,2014/6/20,1,0.15%,1,0.15%,1,1.50%
496,3299,嘉实物流产业股票C,JSWLCYGPC,0.6,,0,2016/12/29,1,1,2017/3/31,1.006,1.006,2016/12/29,1,0.00%,,,,
497,4194,招商中证1000指数增强A,ZSZZ1000ZSZQA,0.6,,0,2017/3/3,1,1,2017/3/31,1.006,1.006,2017/3/3,1,0.12%,1,0.12%,1,1.20%
498,3190,创金合信消费主题股票A,CJHXXFZTGPA,0.5,,0,2016/8/22,1,1,2017/3/31,1.005,1.005,2016/8/22,1,0.15%,1,0.15%,1,1.50%
499,160625,鹏华证券保险指数(LOF),PHZQBXZSLOF,0.4281,,0,2016/4/1,1.159,1.721,2017/3/31,1.142,1.724,2014/5/5,1,0.12%,1,0.12%,1,1.20%
500,2907,南方中证500量化增强C,NFZZ500LHZQC,0.4,,0,2016/11/23,1,1,2017/3/31,1.004,1.004,2016/11/23,1,0.00%,,,,
501,161033,富国中证智能汽车(LOF)A,FGZZZNQCLOFA,0.398,,0,2016/4/1,1.005,1.005,2017/3/31,1.009,1.009,2016/2/16,1,0.12%,1,0.12%,1,1.20%
502,159943,大成深证成份ETF,DCSZCFETF,0.3953,,0,2016/4/1,10.879,0.714,2017/3/31,10.922,0.717,2015/6/5,,,,,,
503,160137,南方中证互联网指数(LOF),NFZZHLWZSLOF,0.3645,,0,2016/4/1,0.781,0.781,2017/3/31,0.7429,0.7838,2015/7/1,1,0.12%,1,0.12%,1,1.20%
504,163209,诺安创业板指数增强(LOF)A,NACYBZSZQLOFA,0.3162,,0,2016/4/1,1.164,1.716,2017/3/31,1.147,1.718,2012/3/29,1,0.12%,1,0.12%,1,1.20%
505,4346,南方小康ETF联接C,NFXKETFLJC,0.26,,0,2017/2/23,1.2309,1.2309,2017/3/31,1.2341,1.2541,2017/2/23,1,0.00%,,,,
506,163111,申万菱信中小企业100指数(LOF)A,SWLXZXQY100ZSLOFA,0.2252,,0,2016/4/1,1.0413,1.8192,2017/3/31,1.0215,1.8204,2012/5/8,1,0.12%,1,0.12%,1,1.20%
507,1725,汇添富高端制造股票A,HTFGDZZGPA,0.2,,0,2017/3/20,1,1,2017/3/31,1.002,1.002,2017/3/20,1,0.15%,1,0.15%,1,1.50%
508,167702,德邦量化优选股票(LOF)A,DBLHYXGPLOFA,0.2,,0,2017/3/24,1,1,2017/3/31,1.002,1.002,2017/3/24,1,0.12%,1,0.12%,1,1.20%
509,4345,南方深证成份ETF联接C,NFSZCFETFLJC,0.188,,0,2017/2/23,0.8509,0.8509,2017/3/31,0.8525,0.8525,2017/2/23,1,0.00%,,,,
510,4195,招商中证1000指数增强C,ZSZZ1000ZSZQC,0.15,,0,2017/3/3,1,1,2017/3/31,1.0015,1.0015,2017/3/3,1,0.00%,,,,
511,4069,南方中证全指证券公司ETF联接A,NFZZQZZQGSETFLJA,0.15,,0,2017/3/8,1,1,2017/3/31,1.0015,1.0015,2017/3/8,1,0.12%,1,0.12%,1,1.20%
512,1476,中银智能制造股票A,ZYZNZZGPA,0.134,,0,2016/4/1,0.746,0.746,2017/3/31,0.747,0.747,2015/6/19,1,0.15%,1,0.15%,1,1.50%
513,4070,南方中证全指证券公司ETF联接C,NFZZQZZQGSETFLJC,0.12,,0,2017/3/8,1,1,2017/3/31,1.0012,1.0012,2017/3/8,1,0.00%,,,,
514,167703,德邦量化优选股票(LOF)C,DBLHYXGPLOFC,0.12,,0,2017/3/24,1,1,2017/3/31,1.0012,1.0012,2017/3/24,1,0.00%,,,,
515,3957,安信量化精选沪深300增强A,AXLHJXHS300ZQA,0.08,,0,2017/3/16,1,1,2017/3/31,1.0008,1.0008,2017/3/16,1,0.08%,1,0.08%,1,0.80%
516,3624,创金合信资源股票发起式A,CJHXZYGPFQSA,0.08,,0,2016/11/2,1,1,2017/3/31,1.0008,1.0008,2016/11/2,1,0.15%,1,0.15%,1,1.50%
517,3853,金鹰信息产业股票A,JYXXCYGPA,0.08,,0,2017/3/10,1,1,2017/3/31,1.0008,1.0008,2017/3/10,1,0.12%,1,0.12%,1,1.20%
518,3958,安信量化精选沪深300增强C,AXLHJXHS300ZQC,0.07,,0,2017/3/16,1,1,2017/3/31,1.0007,1.0007,2017/3/16,1,0.00%,,,,
519,3017,广发中证军工ETF联接A,GFZZJGETFLJA,0.01,,0,2016/9/26,1,1,2017/3/31,1.0001,1.0001,2016/9/26,1,0.12%,1,0.12%,1,1.20%
520,501019,国泰国证航天军工指数,GTGZHTJGZS,0.01,,0,2017/3/29,1,1,2017/3/31,1.0001,1.0001,2017/3/29,1,0.12%,1,0.12%,1,1.20%
521,2906,南方中证500量化增强A,NFZZ500LHZQA,0,,0,2016/11/23,1,1,2017/3/31,1,1,2016/11/23,1,0.15%,1,0.15%,1,1.50%
522,3625,创金合信资源股票发起式C,CJHXZYGPFQSC,-0.08,,0,2016/11/2,1,1,2017/3/31,0.9992,0.9992,2016/11/2,1,0.00%,,,,
523,2670,万家沪深300指数增强A,WJHS300ZSZQA,-0.09,,0,2016/9/26,1,1,2017/3/31,0.9991,0.9991,2016/9/26,1,0.10%,1,0.10%,1,1.00%
524,4189,华商消费行业股票,HSXFHYGP,-0.1,,0,2017/3/15,1,1,2017/3/31,0.999,0.999,2017/3/15,1,0.15%,1,0.15%,1,1.50%
525,4075,交银医药创新股票A,JYYYCXGPA,-0.11,,0,2017/3/23,1,1,2017/3/31,0.9989,0.9989,2017/3/23,1,0.15%,1,0.15%,1,1.50%
526,4342,南方沪深300联接基金C,NFHS300LJJJC,-0.1444,,0,2017/2/23,1.2469,1.2469,2017/3/31,1.2451,1.4051,2017/2/23,1,0.00%,,,,
527,3191,创金合信消费主题股票C,CJHXXFZTGPC,-0.2,,0,2016/8/22,1,1,2017/3/31,0.998,0.998,2016/8/22,1,0.00%,,,,
528,2671,万家沪深300指数增强C,WJHS300ZSZQC,-0.21,,0,2016/9/26,1,1,2017/3/31,0.9979,0.9979,2016/9/26,1,0.00%,,,,
529,673100,西部利得沪深300指数增强A,XBLDHS300ZSZQA,-0.22,,0,2017/3/21,1,1,2017/3/31,0.9978,0.9978,2017/3/21,1,0.08%,1,0.08%,1,0.80%
530,1825,建信中国制造2025股票A,JXZGZZ2025GPA,-0.24,,0,2017/3/8,1,1,2017/3/31,0.9976,0.9976,2017/3/8,1,0.15%,1,0.15%,1,1.50%
531,1028,华安物联网主题股票,HAWLWZTGP,-0.2649,,0,2016/4/1,0.755,0.755,2017/3/31,0.753,0.753,2015/3/17,1,0.15%,1,0.15%,1,1.50%
532,161036,富国中证娱乐主题指数增强(LOF)A,FGZZYLZTZSZQLOFA,-0.28,,0,2017/3/13,1,1,2017/3/31,0.9972,0.9972,2017/3/13,1,0.12%,1,0.12%,1,1.20%
533,2300,长盛医疗行业量化配置股票,CSYLHYLHPZGP,-0.3992,,0,2016/4/1,1.002,1.002,2017/3/31,0.998,0.998,2016/2/3,1,0.15%,1,0.15%,1,1.50%
534,501030,汇添富中证环境治理指数A,HTFZZHJZLZSA,-0.45,,0,2016/12/29,1,1,2017/3/31,0.9955,0.9955,2016/12/29,1,0.12%,1,0.12%,1,1.20%
535,501005,汇添富中证精准医疗指数A,HTFZZJZYLZSA,-0.4582,,0,2016/4/1,1.0039,1.0039,2017/3/31,0.9993,0.9993,2016/1/21,1,0.08%,1,0.08%,1,0.80%
536,2952,建信多因子量化股票,JXDYZLHGP,-0.48,,0,2016/8/9,1,1,2017/3/31,0.9952,0.9952,2016/8/9,1,0.15%,1,0.15%,1,1.50%
537,501031,汇添富中证环境治理指数C,HTFZZHJZLZSC,-0.48,,0,2016/12/29,1,1,2017/3/31,0.9952,0.9952,2016/12/29,1,0.00%,,,,
538,596,前海开源中证军工指数A,QHKYZZJGZSA,-0.4816,,0,2016/4/1,1.661,1.661,2017/3/31,1.653,1.653,2014/5/27,1,0.12%,1,0.12%,1,1.20%
539,3232,创金合信金融地产A,CJHXJRDCA,-0.5,,0,2016/8/30,1,1,2017/3/31,0.995,0.995,2016/8/30,1,0.15%,1,0.15%,1,1.50%
540,519193,万家消费成长,WJXFCZ,-0.53,,0,2017/2/23,1,1,2017/3/31,0.9947,0.9947,2017/2/23,1,0.15%,1,0.15%,1,1.50%
541,3956,南方产业智选股票,NFCYZXGP,-0.54,,0,2017/1/25,1,1,2017/3/31,0.9946,0.9946,2017/1/25,1,0.15%,1,0.15%,1,1.50%
542,411,景顺长城优质成长股票,JSCCYZCZGP,-0.5525,,0,2016/4/1,1.086,1.436,2017/3/31,1.08,1.43,2014/1/2,1,0.15%,1,0.15%,1,1.50%
543,2199,前海开源中证军工指数C,QHKYZZJGZSC,-0.5855,,0,2016/4/1,0.854,1.814,2017/3/31,0.849,1.809,2015/11/30,1,0.00%,,0.00%,0,1.20%
544,3579,中金沪深300C,ZJHS300C,-0.6014,,0,2016/11/28,1.0642,1.0642,2017/3/31,1.0578,1.0578,2016/11/28,1,0.00%,,,,
545,3233,创金合信金融地产C,CJHXJRDCC,-0.7,,0,2016/8/30,1,1,2017/3/31,0.993,0.993,2016/8/30,1,0.00%,,,,
546,3230,创金合信医疗保健股票A,CJHXYLBJGPA,-0.7,,0,2016/8/30,1,1,2017/3/31,0.993,0.993,2016/8/30,1,0.15%,1,0.15%,1,1.50%
547,512810,华宝中证军工ETF,HBZZJGETF,-0.7298,,0,2016/8/5,1.0003,1.0003,2017/3/31,0.993,0.993,2016/8/5,,,,,,
548,4348,南方中证500ETF联接C,NFZZ500ETFLJC,-0.7537,,0,2017/2/23,1.5788,1.5788,2017/3/31,1.5669,1.6669,2017/2/23,1,0.00%,,,,
549,3231,创金合信医疗保健股票C,CJHXYLBJGPC,-0.8,,0,2016/8/30,1,1,2017/3/31,0.992,0.992,2016/8/30,1,0.00%,,,,
550,3984,嘉实新能源新材料股票A,JSXNYXCLGPA,-0.82,,0,2017/3/16,1,1,2017/3/31,0.9918,0.9918,2017/3/16,1,0.15%,1,0.15%,1,1.50%
551,590007,中邮中证500指数增强A,ZYZZ500ZSZQA,-0.8299,,0,2016/4/1,1.687,1.747,2017/3/31,1.673,1.733,2011/11/22,1,0.15%,1,0.15%,1,1.50%
552,510810,汇添富中证上海国企ETF,HTFZZSHGQETF,-0.83,,0,2016/7/28,1,1,2017/3/31,0.9917,0.9917,2016/7/28,,,,,,
553,501006,汇添富中证精准医疗指数C,HTFZZJZYLZSC,-0.8374,,0,2016/4/1,1.0031,1.0031,2017/3/31,0.9947,0.9947,2016/1/21,1,0.00%,,,,
554,3985,嘉实新能源新材料股票C,JSXNYXCLGPC,-0.84,,0,2017/3/16,1,1,2017/3/31,0.9916,,2017/3/16,1,0.00%,,,,
555,3646,创金合信中证1000指数增强A,CJHXZZ1000ZSZQA,-0.88,,0,2016/12/22,1,1,2017/3/31,0.9912,0.9912,2016/12/22,1,0.15%,1,0.15%,1,1.50%
556,3647,创金合信中证1000指数增强C,CJHXZZ1000ZSZQC,-0.93,,0,2016/12/22,1,1,2017/3/31,0.9907,0.9907,2016/12/22,1,0.00%,,,,
557,3634,嘉实农业产业股票A,JSNYCYGPA,-0.96,,0,2016/12/7,1,1,2017/3/31,0.9904,0.9904,2016/12/7,1,0.15%,1,0.15%,1,1.50%
558,1097,华泰柏瑞积极优选股票,HTBRJJYXGP,-0.982,,0,2016/4/1,0.611,0.611,2017/3/31,0.605,0.605,2015/3/26,1,0.15%,1,0.15%,1,1.50%
559,2980,华夏创新前沿股票,HXCXQYGP,-1.2,,0,2016/9/7,1,1,2017/3/31,0.988,0.988,2016/9/7,1,0.15%,1,0.15%,1,1.50%
560,3318,景顺中证500行业中性低波动,JSZZ500HYZXDBD,-1.25,,0,2017/3/3,1,1,2017/3/31,0.9875,0.9875,2017/3/3,1,0.12%,1,0.12%,1,1.20%
561,1223,鹏华文化传媒娱乐股票,PHWHCMYLGP,-1.2927,,0,2016/4/1,1.083,1.083,2017/3/31,1.069,1.069,2016/1/27,1,0.15%,1,0.15%,1,1.50%
562,160630,鹏华国防A,PHGFA,-1.3806,,0,2016/4/1,0.763,1.256,2017/3/31,0.73,1.251,2014/11/13,1,0.12%,1,0.12%,1,1.20%
563,163115,申万菱信中证军工指数(LOF),SWLXZZJGZSLOF,-1.4063,,0,2016/4/1,0.9849,1.6625,2017/3/31,0.9474,1.65,2014/7/24,1,0.10%,1,0.10%,1,1.00%
564,540008,汇丰晋信低碳先锋股票A,HFJXDTXFGPA,-1.4823,,0,2016/4/1,1.6865,1.7865,2017/3/31,1.6615,1.7615,2010/6/8,1,0.15%,1,0.15%,1,1.50%
565,512330,南方中证500信息技术ETF,NFZZ500XXJSETF,-1.6647,,0,2016/4/1,0.841,0.841,2017/3/31,0.827,0.827,2015/6/29,,,,,,
566,502010,易方达中证全指证券公司指数(LOF)A,YFDZZQZZQGSZSLOFA,-1.7255,,0,2016/4/1,1.1668,0.7889,2017/3/31,1.1359,,2015/7/8,1,0.10%,1,0.10%,1,1.00%
567,320020,诺安策略精选股票,NACLJXGP,-1.7751,,0,2016/4/1,1.014,1.478,2017/3/31,0.996,1.452,2012/5/28,1,0.15%,1,0.15%,1,1.50%
568,164402,前海开源中航军工指数A,QHKYZHJGZSA,-1.8069,,0,2016/4/1,0.954,0.982,2017/3/31,0.904,0.965,2015/3/30,1,0.12%,1,0.12%,1,1.20%
569,955,南方产业活力,NFCYHL,-1.8092,,0,2016/4/1,1.216,1.216,2017/3/31,1.194,1.194,2015/1/27,1,0.15%,1,0.15%,1,1.50%
570,1628,招商体育文化休闲股票A,ZSTYWHXXGPA,-2.0782,,0,2016/4/1,0.818,0.818,2017/3/31,0.801,0.801,2015/8/18,1,0.15%,1,0.15%,1,1.50%
571,1552,天弘中证证券保险A,THZZZQBXA,-2.1423,,0,2016/4/1,0.7422,0.7422,2017/3/31,0.7263,0.7263,2015/6/30,1,0.10%,1,0.10%,1,1.00%
572,4190,招商沪深300指数增强A,ZSHS300ZSZQA,-2.2,,0,2017/2/10,1,1,2017/3/31,0.978,0.978,2017/2/10,1,0.12%,1,0.12%,1,1.20%
573,512900,南方中证全指证券公司ETF,NFZZQZZQGSETF,-2.22,,0,2017/3/10,1,1,2017/3/31,0.9778,0.9778,2017/3/10,,,,,,
574,729,建信中小盘先锋股票A,JXZXPXFGPA,-2.2362,,0,2016/4/1,1.431,1.431,2017/3/31,1.399,1.399,2014/8/20,1,0.15%,1,0.15%,1,1.50%
575,4191,招商沪深300指数增强C,ZSHS300ZSZQC,-2.24,,0,2017/2/10,1,1,2017/3/31,0.9776,0.9776,2017/2/10,1,0.00%,,,,
576,1553,天弘中证证券保险C,THZZZQBXC,-2.3237,,0,2016/4/1,0.7402,0.7402,2017/3/31,0.723,0.723,2015/6/30,1,0.00%,,,,
577,161024,富国中证军工指数(LOF)A,FGZZJGZSLOFA,-2.426,,0,2016/4/1,1.116,1.793,2017/3/31,1.069,1.776,2014/4/4,1,0.12%,1,0.12%,1,1.20%
578,161628,融通中证云计算与大数据主题指数(LOF),RTZZYJSYDSJZTZSLOF,-2.4911,,0,2016/4/1,0.847,0.861,2017/3/31,0.798,0.839,2015/7/1,1,0.12%,1,0.12%,1,1.20%
579,4344,南方大数据100C,NFDSJ100C,-2.5709,,0,2017/2/23,0.9063,0.9063,2017/3/31,0.883,0.883,2017/2/23,1,0.00%,,,,
580,160224,国泰中证计算机主题ETF联接A,GTZZJSJZTETFLJA,-2.6952,,0,2016/4/1,1.0973,0.7333,2017/3/31,1.0446,0.7132,2015/3/26,1,0.10%,1,0.10%,1,1.00%
581,3194,汇添富中证上海国企ETF联接,HTFZZSHGQETFLJ,-2.73,,0,2016/9/18,1,1,2017/3/31,0.9727,0.9727,2016/9/18,1,0.12%,1,0.12%,1,1.20%
582,161031,富国中证工业4.0指数(LOF)A,FGZZGY40ZSLOFA,-2.7836,,0,2016/4/1,0.976,0.57,2017/3/31,0.928,0.555,2015/6/15,1,0.12%,1,0.12%,1,1.20%
583,3578,中金中证500C,ZJZZ500C,-2.8712,,0,2016/11/28,1.0797,1.0797,2017/3/31,1.0487,1.0487,2016/11/28,1,0.00%,,,,
584,501007,汇添富中证互联网医疗指数A,HTFZZHLWYLZSA,-3.05,,0,2016/12/22,1,1,2017/3/31,0.9695,0.9695,2016/12/22,1,0.08%,1,0.08%,1,0.80%
585,925,汇添富外延增长股票A,HTFWYZZGPA,-3.1028,,0,2016/4/1,1.128,1.128,2017/3/31,1.093,1.093,2014/12/8,1,0.15%,1,0.15%,1,1.50%
586,160636,鹏华中证移动互联网指数(LOF),PHZZYDHLWZSLOF,-3.1366,,0,2016/4/1,1.097,0.665,2017/3/31,1.036,0.645,2015/6/16,1,0.12%,1,0.12%,1,1.20%
587,501008,汇添富中证互联网医疗指数C,HTFZZHLWYLZSC,-3.14,,0,2016/12/22,1,1,2017/3/31,0.9686,0.9686,2016/12/22,1,0.00%,,,,
588,159918,嘉实中创400ETF,JSZC400ETF,-3.1569,,0,2016/4/1,2.04,2.04,2017/3/31,1.9756,1.9756,2012/3/22,,,,,,
589,159948,南方创业板ETF,NFCYBETF,-3.1886,,0,2016/5/13,1,1,2017/3/31,1.9701,0.9681,2016/5/13,,0.05%,,,,
590,70030,嘉实中创400ETF联接A,JSZC400ETFLJA,-3.2144,,0,2016/4/1,1.9288,1.9288,2017/3/31,1.8668,1.8668,2012/3/22,1,0.12%,1,0.12%,1,1.20%
591,1496,工银聚焦30股票,GYJJ30GP,-3.2805,,0,2016/4/1,0.884,0.884,2017/3/31,0.855,0.855,2015/6/25,1,0.15%,1,0.15%,1,1.50%
592,524,上投摩根民生需求股票,STMGMSXQGP,-3.3379,0.439,1,2016/4/1,2.084,2.084,2017/3/31,1.611,2.05,2014/3/14,1,0.15%,1,0.15%,1,1.50%
593,1195,工银农业产业股票,GYNYCYGP,-3.3613,,0,2016/4/1,0.595,0.595,2017/3/31,0.575,0.575,2015/5/26,1,0.15%,1,0.15%,1,1.50%
594,159939,广发中证全指信息技术ETF,GFZZQZXXJSETF,-3.6784,,0,2016/4/1,1.1418,1.1418,2017/3/31,1.0998,1.0998,2015/1/8,,,,,,
595,165522,信诚中证TMT产业主题指数(LOF)A,XCZZTMTCYZTZSLOFA,-3.6906,,0,2016/4/1,0.857,1.532,2017/3/31,0.803,1.514,2014/11/28,1,0.10%,1,0.10%,1,1.00%
596,3865,创金合信量化多因子股票C,CJHXLHDYZGPC,-3.8065,,0,2017/1/6,1.261,1.261,2017/3/31,1.213,1.213,2017/1/6,1,0.00%,,,,
597,502056,广发中证医疗指数(LOF)A,GFZZYLZSLOFA,-4.0493,,0,2016/4/1,1.1084,0.7284,2017/3/31,1.0408,0.7003,2015/7/23,1,0.05%,1,0.05%,1,0.50%
598,540010,汇丰晋信科技先锋股票,HFJXKJXFGP,-4.0954,,0,2016/4/1,2.0413,2.0413,2017/3/31,1.9577,1.9577,2011/7/27,1,0.15%,1,0.15%,1,1.50%
599,217019,招商深证TMT50ETF联接A,ZSSZTMT50ETFLJA,-4.1551,,0,2016/4/1,1.444,1.444,2017/3/31,1.384,1.384,2011/6/27,1,0.15%,1,0.15%,1,1.50%
600,512000,华宝券商ETF,HBQSETF,-4.26,,0,2016/8/30,1,1,2017/3/31,0.9574,0.9574,2016/8/30,,,,,,
601,512220,景顺中证科技传媒通信150ETF,JSZZKJCMTX150ETF,-4.4455,,0,2016/4/1,1.4284,1.4284,2017/3/31,1.3649,1.3649,2014/7/18,,,,,,
602,1361,景顺中证科技传媒通信150ETF联接,JSZZKJCMTX150ETFLJ,-4.4554,,0,2016/4/1,0.606,0.606,2017/3/31,0.579,0.579,2015/6/15,1,0.12%,1,0.12%,1,1.20%
603,160633,鹏华券商A,PHQSA,-4.6733,,0,2016/4/1,0.989,0.618,2017/3/31,0.926,0.591,2015/5/6,1,0.12%,1,0.12%,1,1.20%
604,1541,汇添富民营新动力股票,HTFMYXDLGP,-4.6958,,0,2016/4/1,0.937,0.937,2017/3/31,0.893,0.893,2015/8/7,1,0.15%,1,0.15%,1,1.50%
605,1319,农银信息传媒股票,NYXXCMGP,-4.894,,0,2016/4/1,0.7785,0.7785,2017/3/31,0.7404,0.7404,2015/6/24,1,0.15%,1,0.15%,1,1.50%
606,942,广发信息技术联接A,GFXXJSLJA,-4.9913,,0,2016/4/1,1.0879,1.0879,2017/3/31,1.0336,1.0336,2015/1/29,1,0.12%,1,0.12%,1,1.20%
607,1027,前海开源中证大农业指数增强A,QHKYZZDNYZSZQA,-5.2632,,0,2016/4/1,0.817,0.817,2017/3/31,0.774,0.774,2015/2/13,1,0.12%,1,0.12%,1,1.20%
608,159909,招商深证TMT50ETF,ZSSZTMT50ETF,-5.452,,0,2016/4/1,4.989,1.534,2017/3/31,4.717,1.451,2011/6/27,,,,,,
609,512100,南方中证1000ETF,NFZZ1000ETF,-5.51,,0,2016/9/29,1,1,2017/3/31,0.9449,0.9449,2016/9/29,,,,,,
610,1313,上投摩根智慧互联股票,STMGZHHLGP,-5.571,,0,2016/4/1,0.718,0.718,2017/3/31,0.678,0.678,2015/6/9,1,0.15%,1,0.15%,1,1.50%
611,2900,南方中证500信息技术联接A,NFZZ500XXJSLJA,-5.75,,0,2016/8/17,1,1,2017/3/31,0.9425,0.9425,2016/8/17,1,0.12%,1,0.12%,1,1.20%
612,90012,大成深证成长40ETF联接,DCSZCZ40ETFLJ,-5.8116,,0,2016/4/1,0.998,0.998,2017/3/31,0.94,0.94,2010/12/21,1,0.12%,1,0.12%,1,1.20%
613,161035,富国中证医药主题指数增强A,FGZZYYZTZSZQA,-5.9,,0,2016/11/11,1,1,2017/3/31,0.941,0.941,2016/11/11,1,0.12%,1,0.12%,1,1.20%
614,161027,富国中证全指证券公司指数(LOF)A,FGZZQZZQGSZSLOFA,-6.1158,,0,2016/4/1,1.085,0.624,2017/3/31,0.99,0.587,2015/3/27,1,0.12%,1,0.12%,1,1.20%
615,163113,申万菱信中证申万证券行业指数(LOF)A,SWLXZZSWZQHYZSLOFA,-6.1386,,0,2016/4/1,1.136,1.8393,2017/3/31,1.0444,1.7702,2014/3/13,1,0.12%,1,0.12%,1,1.20%
616,165524,信诚中证智能家居指数(LOF)A,XCZZZNJJZSLOFA,-6.2162,,0,2016/4/1,0.997,0.632,2017/3/31,0.914,,2015/6/26,1,0.10%,1,0.10%,1,1.00%
617,162412,华宝医疗ETF联接A,HBYLETFLJA,-6.3858,,0,2016/4/1,1.0665,0.4005,2017/3/31,0.9757,0.375,2015/5/21,1,0.12%,1,0.12%,1,1.20%
618,502053,长盛中证全指证券指数(LOF),CSZZQZZQZSLOF,-6.5851,,0,2016/4/1,1.065,1.065,2017/3/31,0.964,,2015/8/13,1,0.12%,1,0.12%,1,1.20%
619,160419,华安中证全指证券公司指数A,HAZZQZZQGSZSA,-6.5928,,0,2016/4/1,1.134,0.6901,2017/3/31,1.033,0.6446,2015/6/9,1,0.12%,1,0.12%,1,1.20%
620,410010,华富中小企业100指数增强,HFZXQY100ZSZQ,-6.7845,,0,2016/4/1,1.415,1.415,2017/3/31,1.319,1.319,2011/12/9,1,0.12%,1,0.12%,1,1.20%
621,161720,招商中证全指证券公司指数(LOF)A,ZSZZQZZQGSZSLOFA,-7.0361,,0,2016/4/1,0.803,0.761,2017/3/31,0.725,0.729,2014/11/13,1,0.10%,1,0.10%,1,1.00%
622,1396,建信互联网+产业升级股票,JXHLWCYSJGP,-7.4271,,0,2016/4/1,0.754,0.754,2017/3/31,0.698,0.698,2015/6/23,1,0.15%,1,0.15%,1,1.50%
623,159906,大成深证成长40ETF,DCSZCZ40ETF,-7.4297,,0,2016/4/1,0.996,0.996,2017/3/31,0.922,0.922,2010/12/21,,,,,,
624,3416,招商财经大数据股票A,ZSCJDSJGPA,-7.49,,0,2016/11/2,1,1,2017/3/31,0.9251,0.9251,2016/11/2,1,0.15%,1,0.15%,1,1.50%
625,1719,工银国家战略股票,GYGJZLGP,-8.2218,,0,2016/4/1,1.046,1.046,2017/3/31,0.96,0.96,2016/1/29,1,0.15%,1,0.15%,1,1.50%
626,2656,南方创业板ETF联接A,NFCYBETFLJA,-9.2,,0,2016/5/20,1,1,2017/3/31,0.908,0.908,2016/5/20,1,0.12%,1,0.12%,1,1.20%
627,161025,富国中证移动互联网指数(LOF)A,FGZZYDHLWZSLOFA,-9.6768,,0,2016/4/1,0.772,1.503,2017/3/31,0.675,1.458,2014/9/2,1,0.12%,1,0.12%,1,1.20%
628,2974,广发信息技术联接C,GFXXJSLJC,-9.8395,,0,2016/7/6,1.1464,1.1464,2017/3/31,1.0336,1.0336,2016/7/6,1,0.00%,,,,
629,161030,富国中证体育产业指数(LOF)A,FGZZTYCYZSLOFA,-9.9491,,0,2016/4/1,0.835,0.846,2017/3/31,0.731,0.765,2015/6/25,1,0.12%,1,0.12%,1,1.20%
630,1956,国联安科技动力,GLAKJDL,-10.1761,,0,2016/4/1,1.022,1.022,2017/3/31,0.918,0.918,2016/1/26,1,0.15%,1,0.15%,1,1.50%
631,580008,东吴新产业精选股票A,DWXCYJXGPA,-10.5607,,0,2016/4/1,1.837,1.837,2017/3/31,1.643,1.643,2011/9/28,1,0.15%,1,0.15%,1,1.50%
632,160637,鹏华创业板指数(LOF),PHCYBZSLOF,-10.6776,,0,2016/4/1,1.016,0.644,2017/3/31,0.89,0.578,2015/6/9,1,0.12%,1,0.12%,1,1.20%
633,160223,国泰创业板指数(LOF),GTCYBZSLOF,-10.6789,,0,2016/11/11,1.0001,1.0001,2017/3/31,0.8933,0.8933,2016/11/11,1,0.12%,1,0.12%,1,1.20%
634,110026,易方达创业板ETF联接A,YFDCYBETFLJA,-11.1202,,0,2016/4/1,2.205,2.205,2017/3/31,1.9598,1.9598,2011/9/20,1,0.12%,1,0.12%,1,1.20%
635,161613,融通创业板指数A,RTCYBZSA,-11.5601,,0,2016/4/1,1.064,2.324,2017/3/31,0.941,2.201,2012/4/6,1,0.12%,1,0.12%,1,1.20%
636,161022,富国创业板指数(LOF)A,FGCYBZSLOFA,-12.1091,,0,2016/4/1,1.004,1.718,2017/3/31,0.858,1.65,2013/9/12,1,0.12%,1,0.12%,1,1.20%
637,1404,招商移动互联网产业股票基金,ZSYDHLWCYGPJJ,-12.3384,,0,2016/4/1,0.851,0.851,2017/3/31,0.746,0.746,2015/6/19,1,0.15%,1,0.15%,1,1.50%
638,1592,天弘创业板ETF联接基金A,THCYBETFLJJJA,-12.6715,,0,2016/4/1,0.8673,0.8673,2017/3/31,0.7574,0.7574,2015/7/8,1,0.10%,1,0.10%,1,1.00%
639,1593,天弘创业板ETF联接基金C,THCYBETFLJJJC,-12.8778,,0,2016/4/1,0.8635,0.8635,2017/3/31,0.7523,0.7523,2015/7/8,1,0.00%,,,,
640,165523,信诚中证信息安全指数(LOF)A,XCZZXXAQZSLOFA,-12.9007,,0,2016/4/1,0.991,0.634,2017/3/31,0.843,,2015/6/26,1,0.10%,1,0.10%,1,1.00%
641,159915,易方达创业板ETF,YFDCYBETF,-12.9601,,0,2016/4/1,2.1003,2.4061,2017/3/31,1.8281,2.0942,2011/9/20,,0.05%,,,,
642,160629,鹏华中证传媒指数(LOF),PHZZCMZSLOF,-14.329,,0,2016/4/1,1.17,1.397,2017/3/31,0.988,1.327,2014/12/11,1,0.12%,1,0.12%,1,1.20%
643,1605,国富沪港深成长精选股票,GFHGSCZJXGP,-14.6866,,0,2016/4/1,1.069,1.069,2017/3/31,0.912,0.912,2016/1/20,1,0.15%,1,0.15%,1,1.50%
644,3145,中融竞争优势,ZRJZYS,-15.02,,0,2016/9/7,1,1,2017/3/31,0.8498,0.8498,2016/9/7,1,0.15%,1,0.15%,1,1.50%
645,1629,天弘中证计算机ETF联接A,THZZJSJETFLJA,-15.047,,0,2016/4/1,0.7975,0.7975,2017/3/31,0.6775,0.6775,2015/7/29,1,0.10%,1,0.10%,1,1.00%
646,1630,天弘中证计算机ETF联接C,THZZJSJETFLJC,-15.1496,,0,2016/4/1,0.7954,0.7954,2017/3/31,0.6749,0.6749,2015/7/29,1,0.00%,,,,
647,697,汇添富移动互联股票A,HTFYDHLGPA,-15.2161,,0,2016/4/1,1.643,1.643,2017/3/31,1.393,1.393,2014/8/26,1,0.15%,1,0.15%,1,1.50%
648,996,中银新动力股票A,ZYXDLGPA,-16.4195,,0,2016/4/1,0.944,0.944,2017/3/31,0.789,0.789,2015/2/13,1,0.15%,1,0.15%,1,1.50%
649,893,工银创新动力股票,GYCXDLGP,-16.4544,,0,2016/4/1,0.942,0.942,2017/3/31,0.787,0.787,2014/12/11,1,0.15%,1,0.15%,1,1.50%
650,164818,工银中证传媒指数(LOF)A,GYZZCMZSLOFA,-17.246,,0,2016/4/1,0.8353,0.5145,2017/3/31,0.6652,0.4282,2015/5/21,1,0.10%,1,0.10%,1,1.00%
651,1409,工银互联网加股票,GYHLWJGP,-18.3521,,0,2016/4/1,0.534,0.534,2017/3/31,0.436,0.436,2015/6/5,1,0.15%,1,0.15%,1,1.50%
652,160420,华安创业板50指数A,HACYB50ZSA,-19.8887,,0,2016/4/1,0.8929,0.5413,2017/3/31,0.6888,0.4336,2015/7/6,1,0.12%,1,0.12%,1,1.20%
653,159949,华安创业板50ETF,HACYB50ETF,-22.43,,0,2016/6/30,1,1,2017/3/31,0.7757,0.7757,2016/6/30,,,,,,
